INSERT INTO `AccionesTerapeuticas` (`nombre`, `tiempoEfectoHoras`) VALUES ('abernathy.reymundo', 597);
INSERT INTO `AccionesTerapeuticas` (`nombre`, `tiempoEfectoHoras`) VALUES ('adrien.schneider', 183030);
INSERT INTO `AccionesTerapeuticas` (`nombre`, `tiempoEfectoHoras`) VALUES ('ahmad32', 49474);
INSERT INTO `AccionesTerapeuticas` (`nombre`, `tiempoEfectoHoras`) VALUES ('alessandro.ondricka', 73871623);
INSERT INTO `AccionesTerapeuticas` (`nombre`, `tiempoEfectoHoras`) VALUES ('alexie.mayer', 7961428);
INSERT INTO `AccionesTerapeuticas` (`nombre`, `tiempoEfectoHoras`) VALUES ('alia49', 5749147);
INSERT INTO `AccionesTerapeuticas` (`nombre`, `tiempoEfectoHoras`) VALUES ('alind', 59676759);
INSERT INTO `AccionesTerapeuticas` (`nombre`, `tiempoEfectoHoras`) VALUES ('alysha46', 71671);
INSERT INTO `AccionesTerapeuticas` (`nombre`, `tiempoEfectoHoras`) VALUES ('amcdermott', 2);
INSERT INTO `AccionesTerapeuticas` (`nombre`, `tiempoEfectoHoras`) VALUES ('antonina.stroman', 33);
INSERT INTO `AccionesTerapeuticas` (`nombre`, `tiempoEfectoHoras`) VALUES ('arden71', 38);
INSERT INTO `AccionesTerapeuticas` (`nombre`, `tiempoEfectoHoras`) VALUES ('arice', 1);
INSERT INTO `AccionesTerapeuticas` (`nombre`, `tiempoEfectoHoras`) VALUES ('arne.wehner', 146371);
INSERT INTO `AccionesTerapeuticas` (`nombre`, `tiempoEfectoHoras`) VALUES ('austyn37', 77687610);
INSERT INTO `AccionesTerapeuticas` (`nombre`, `tiempoEfectoHoras`) VALUES ('ayana.jacobs', 971);
INSERT INTO `AccionesTerapeuticas` (`nombre`, `tiempoEfectoHoras`) VALUES ('beahan.sofia', 2235);
INSERT INTO `AccionesTerapeuticas` (`nombre`, `tiempoEfectoHoras`) VALUES ('berneice.trantow', 606);
INSERT INTO `AccionesTerapeuticas` (`nombre`, `tiempoEfectoHoras`) VALUES ('bernier.crawford', 4);
INSERT INTO `AccionesTerapeuticas` (`nombre`, `tiempoEfectoHoras`) VALUES ('bill90', 781647);
INSERT INTO `AccionesTerapeuticas` (`nombre`, `tiempoEfectoHoras`) VALUES ('bogan.gilberto', 83101);
INSERT INTO `AccionesTerapeuticas` (`nombre`, `tiempoEfectoHoras`) VALUES ('bradley30', 59);
INSERT INTO `AccionesTerapeuticas` (`nombre`, `tiempoEfectoHoras`) VALUES ('brandon.johns', 7878);
INSERT INTO `AccionesTerapeuticas` (`nombre`, `tiempoEfectoHoras`) VALUES ('breitenberg.abigayle', 559);
INSERT INTO `AccionesTerapeuticas` (`nombre`, `tiempoEfectoHoras`) VALUES ('brice38', 27611781);
INSERT INTO `AccionesTerapeuticas` (`nombre`, `tiempoEfectoHoras`) VALUES ('carmine72', 927525270);
INSERT INTO `AccionesTerapeuticas` (`nombre`, `tiempoEfectoHoras`) VALUES ('cking', 640683778);
INSERT INTO `AccionesTerapeuticas` (`nombre`, `tiempoEfectoHoras`) VALUES ('coby.nader', 6514303);
INSERT INTO `AccionesTerapeuticas` (`nombre`, `tiempoEfectoHoras`) VALUES ('conn.arvel', 27);
INSERT INTO `AccionesTerapeuticas` (`nombre`, `tiempoEfectoHoras`) VALUES ('damaris.labadie', 58);
INSERT INTO `AccionesTerapeuticas` (`nombre`, `tiempoEfectoHoras`) VALUES ('davin.sanford', 3277052);
INSERT INTO `AccionesTerapeuticas` (`nombre`, `tiempoEfectoHoras`) VALUES ('dconsidine', 4816441);
INSERT INTO `AccionesTerapeuticas` (`nombre`, `tiempoEfectoHoras`) VALUES ('dgrant', 74976627);
INSERT INTO `AccionesTerapeuticas` (`nombre`, `tiempoEfectoHoras`) VALUES ('dicki.lorena', 597361);
INSERT INTO `AccionesTerapeuticas` (`nombre`, `tiempoEfectoHoras`) VALUES ('donald63', 15399847);
INSERT INTO `AccionesTerapeuticas` (`nombre`, `tiempoEfectoHoras`) VALUES ('ebailey', 17025462);
INSERT INTO `AccionesTerapeuticas` (`nombre`, `tiempoEfectoHoras`) VALUES ('eladio.herzog', 4985);
INSERT INTO `AccionesTerapeuticas` (`nombre`, `tiempoEfectoHoras`) VALUES ('elliot70', 56442645);
INSERT INTO `AccionesTerapeuticas` (`nombre`, `tiempoEfectoHoras`) VALUES ('ereynolds', 43);
INSERT INTO `AccionesTerapeuticas` (`nombre`, `tiempoEfectoHoras`) VALUES ('estanton', 51);
INSERT INTO `AccionesTerapeuticas` (`nombre`, `tiempoEfectoHoras`) VALUES ('estrella83', 9047);
INSERT INTO `AccionesTerapeuticas` (`nombre`, `tiempoEfectoHoras`) VALUES ('fisher.kristian', 3);
INSERT INTO `AccionesTerapeuticas` (`nombre`, `tiempoEfectoHoras`) VALUES ('friesen.nelle', 207169438);
INSERT INTO `AccionesTerapeuticas` (`nombre`, `tiempoEfectoHoras`) VALUES ('gillian16', 2493387);
INSERT INTO `AccionesTerapeuticas` (`nombre`, `tiempoEfectoHoras`) VALUES ('gladyce63', 7583478);
INSERT INTO `AccionesTerapeuticas` (`nombre`, `tiempoEfectoHoras`) VALUES ('greenfelder.reynold', 51132);
INSERT INTO `AccionesTerapeuticas` (`nombre`, `tiempoEfectoHoras`) VALUES ('gtorp', 864436018);
INSERT INTO `AccionesTerapeuticas` (`nombre`, `tiempoEfectoHoras`) VALUES ('heidenreich.magali', 589996348);
INSERT INTO `AccionesTerapeuticas` (`nombre`, `tiempoEfectoHoras`) VALUES ('hlittel', 936017);
INSERT INTO `AccionesTerapeuticas` (`nombre`, `tiempoEfectoHoras`) VALUES ('hmurphy', 67660);
INSERT INTO `AccionesTerapeuticas` (`nombre`, `tiempoEfectoHoras`) VALUES ('iblanda', 444863);
INSERT INTO `AccionesTerapeuticas` (`nombre`, `tiempoEfectoHoras`) VALUES ('isabel48', 53637925);
INSERT INTO `AccionesTerapeuticas` (`nombre`, `tiempoEfectoHoras`) VALUES ('jane29', 36405941);
INSERT INTO `AccionesTerapeuticas` (`nombre`, `tiempoEfectoHoras`) VALUES ('jayme41', 236);
INSERT INTO `AccionesTerapeuticas` (`nombre`, `tiempoEfectoHoras`) VALUES ('jean66', 86161);
INSERT INTO `AccionesTerapeuticas` (`nombre`, `tiempoEfectoHoras`) VALUES ('juliet65', 12);
INSERT INTO `AccionesTerapeuticas` (`nombre`, `tiempoEfectoHoras`) VALUES ('katlynn.mosciski', 722420);
INSERT INTO `AccionesTerapeuticas` (`nombre`, `tiempoEfectoHoras`) VALUES ('kayli94', 621884612);
INSERT INTO `AccionesTerapeuticas` (`nombre`, `tiempoEfectoHoras`) VALUES ('kody.prosacco', 47066);
INSERT INTO `AccionesTerapeuticas` (`nombre`, `tiempoEfectoHoras`) VALUES ('kuhn.aurelie', 8);
INSERT INTO `AccionesTerapeuticas` (`nombre`, `tiempoEfectoHoras`) VALUES ('lesch.piper', 35);
INSERT INTO `AccionesTerapeuticas` (`nombre`, `tiempoEfectoHoras`) VALUES ('llind', 674);
INSERT INTO `AccionesTerapeuticas` (`nombre`, `tiempoEfectoHoras`) VALUES ('lois.tremblay', 19);
INSERT INTO `AccionesTerapeuticas` (`nombre`, `tiempoEfectoHoras`) VALUES ('lucius48', 691041);
INSERT INTO `AccionesTerapeuticas` (`nombre`, `tiempoEfectoHoras`) VALUES ('mekhi.brekke', 5);
INSERT INTO `AccionesTerapeuticas` (`nombre`, `tiempoEfectoHoras`) VALUES ('mercedes30', 64);
INSERT INTO `AccionesTerapeuticas` (`nombre`, `tiempoEfectoHoras`) VALUES ('mireya.simonis', 12539480);
INSERT INTO `AccionesTerapeuticas` (`nombre`, `tiempoEfectoHoras`) VALUES ('mmonahan', 58130593);
INSERT INTO `AccionesTerapeuticas` (`nombre`, `tiempoEfectoHoras`) VALUES ('mortimer.batz', 746841);
INSERT INTO `AccionesTerapeuticas` (`nombre`, `tiempoEfectoHoras`) VALUES ('mvolkman', 96766);
INSERT INTO `AccionesTerapeuticas` (`nombre`, `tiempoEfectoHoras`) VALUES ('nkoepp', 586354);
INSERT INTO `AccionesTerapeuticas` (`nombre`, `tiempoEfectoHoras`) VALUES ('nona.lockman', 18391575);
INSERT INTO `AccionesTerapeuticas` (`nombre`, `tiempoEfectoHoras`) VALUES ('o\'hara.tremaine', 15324);
INSERT INTO `AccionesTerapeuticas` (`nombre`, `tiempoEfectoHoras`) VALUES ('ohilll', 880341190);
INSERT INTO `AccionesTerapeuticas` (`nombre`, `tiempoEfectoHoras`) VALUES ('osipes', 1365665);
INSERT INTO `AccionesTerapeuticas` (`nombre`, `tiempoEfectoHoras`) VALUES ('pacocha.jordi', 345285);
INSERT INTO `AccionesTerapeuticas` (`nombre`, `tiempoEfectoHoras`) VALUES ('pratke', 6918849);
INSERT INTO `AccionesTerapeuticas` (`nombre`, `tiempoEfectoHoras`) VALUES ('prudence15', 12832);
INSERT INTO `AccionesTerapeuticas` (`nombre`, `tiempoEfectoHoras`) VALUES ('qgoyette', 0);
INSERT INTO `AccionesTerapeuticas` (`nombre`, `tiempoEfectoHoras`) VALUES ('rhett93', 720059526);
INSERT INTO `AccionesTerapeuticas` (`nombre`, `tiempoEfectoHoras`) VALUES ('ritchie.alice', 31288195);
INSERT INTO `AccionesTerapeuticas` (`nombre`, `tiempoEfectoHoras`) VALUES ('rodriguez.tyler', 74);
INSERT INTO `AccionesTerapeuticas` (`nombre`, `tiempoEfectoHoras`) VALUES ('rrempel', 8651602);
INSERT INTO `AccionesTerapeuticas` (`nombre`, `tiempoEfectoHoras`) VALUES ('sarina.corkery', 10097);
INSERT INTO `AccionesTerapeuticas` (`nombre`, `tiempoEfectoHoras`) VALUES ('schinner.otto', 791);
INSERT INTO `AccionesTerapeuticas` (`nombre`, `tiempoEfectoHoras`) VALUES ('sylvester.effertz', 5629);
INSERT INTO `AccionesTerapeuticas` (`nombre`, `tiempoEfectoHoras`) VALUES ('tgrant', 42510849);
INSERT INTO `AccionesTerapeuticas` (`nombre`, `tiempoEfectoHoras`) VALUES ('tjacobi', 7296);
INSERT INTO `AccionesTerapeuticas` (`nombre`, `tiempoEfectoHoras`) VALUES ('torp.zetta', 365100165);
INSERT INTO `AccionesTerapeuticas` (`nombre`, `tiempoEfectoHoras`) VALUES ('toy.mills', 9485241);
INSERT INTO `AccionesTerapeuticas` (`nombre`, `tiempoEfectoHoras`) VALUES ('vgaylord', 54650);
INSERT INTO `AccionesTerapeuticas` (`nombre`, `tiempoEfectoHoras`) VALUES ('vlang', 420028);
INSERT INTO `AccionesTerapeuticas` (`nombre`, `tiempoEfectoHoras`) VALUES ('waylon53', 62);
INSERT INTO `AccionesTerapeuticas` (`nombre`, `tiempoEfectoHoras`) VALUES ('weissnat.rubie', 72);
INSERT INTO `AccionesTerapeuticas` (`nombre`, `tiempoEfectoHoras`) VALUES ('whintz', 3666);
INSERT INTO `AccionesTerapeuticas` (`nombre`, `tiempoEfectoHoras`) VALUES ('wiza.melody', 753032);
INSERT INTO `AccionesTerapeuticas` (`nombre`, `tiempoEfectoHoras`) VALUES ('xauer', 39351);
INSERT INTO `AccionesTerapeuticas` (`nombre`, `tiempoEfectoHoras`) VALUES ('xschaefer', 922);
INSERT INTO `AccionesTerapeuticas` (`nombre`, `tiempoEfectoHoras`) VALUES ('ybarrows', 4420);
INSERT INTO `AccionesTerapeuticas` (`nombre`, `tiempoEfectoHoras`) VALUES ('zcummings', 816);
INSERT INTO `AccionesTerapeuticas` (`nombre`, `tiempoEfectoHoras`) VALUES ('zpouros', 326471);




INSERT INTO `Farmaceuticos` (`idFarmaceutico`, `nombre`, `apellido`) VALUES (0, 'Deven', 'Marquardt');
INSERT INTO `Farmaceuticos` (`idFarmaceutico`, `nombre`, `apellido`) VALUES (1, 'Dejah', 'Harvey');
INSERT INTO `Farmaceuticos` (`idFarmaceutico`, `nombre`, `apellido`) VALUES (2, 'Rossie', 'Pouros');
INSERT INTO `Farmaceuticos` (`idFarmaceutico`, `nombre`, `apellido`) VALUES (3, 'Elyse', 'Koepp');
INSERT INTO `Farmaceuticos` (`idFarmaceutico`, `nombre`, `apellido`) VALUES (5, 'Gene', 'Jast');
INSERT INTO `Farmaceuticos` (`idFarmaceutico`, `nombre`, `apellido`) VALUES (6, 'Elenor', 'Homenick');
INSERT INTO `Farmaceuticos` (`idFarmaceutico`, `nombre`, `apellido`) VALUES (9, 'Taya', 'Lang');
INSERT INTO `Farmaceuticos` (`idFarmaceutico`, `nombre`, `apellido`) VALUES (13, 'Samson', 'Legros');
INSERT INTO `Farmaceuticos` (`idFarmaceutico`, `nombre`, `apellido`) VALUES (18, 'Aniyah', 'McLaughlin');
INSERT INTO `Farmaceuticos` (`idFarmaceutico`, `nombre`, `apellido`) VALUES (20, 'Khalil', 'Mayer');
INSERT INTO `Farmaceuticos` (`idFarmaceutico`, `nombre`, `apellido`) VALUES (21, 'Eula', 'O\'Keefe');
INSERT INTO `Farmaceuticos` (`idFarmaceutico`, `nombre`, `apellido`) VALUES (22, 'Carolyne', 'Dickinson');
INSERT INTO `Farmaceuticos` (`idFarmaceutico`, `nombre`, `apellido`) VALUES (50, 'Phoebe', 'Waelchi');
INSERT INTO `Farmaceuticos` (`idFarmaceutico`, `nombre`, `apellido`) VALUES (59, 'Jaime', 'Runte');
INSERT INTO `Farmaceuticos` (`idFarmaceutico`, `nombre`, `apellido`) VALUES (73, 'Annamarie', 'Pfannerstill');
INSERT INTO `Farmaceuticos` (`idFarmaceutico`, `nombre`, `apellido`) VALUES (80, 'Stone', 'Schinner');
INSERT INTO `Farmaceuticos` (`idFarmaceutico`, `nombre`, `apellido`) VALUES (87, 'Laurianne', 'Rath');
INSERT INTO `Farmaceuticos` (`idFarmaceutico`, `nombre`, `apellido`) VALUES (97, 'Dovie', 'Schuster');
INSERT INTO `Farmaceuticos` (`idFarmaceutico`, `nombre`, `apellido`) VALUES (108, 'Marielle', 'Heidenreich');
INSERT INTO `Farmaceuticos` (`idFarmaceutico`, `nombre`, `apellido`) VALUES (253, 'Bria', 'Schaefer');
INSERT INTO `Farmaceuticos` (`idFarmaceutico`, `nombre`, `apellido`) VALUES (280, 'Benny', 'Treutel');
INSERT INTO `Farmaceuticos` (`idFarmaceutico`, `nombre`, `apellido`) VALUES (298, 'Jaren', 'Schroeder');
INSERT INTO `Farmaceuticos` (`idFarmaceutico`, `nombre`, `apellido`) VALUES (330, 'Pauline', 'Emard');
INSERT INTO `Farmaceuticos` (`idFarmaceutico`, `nombre`, `apellido`) VALUES (467, 'Keshawn', 'Macejkovic');
INSERT INTO `Farmaceuticos` (`idFarmaceutico`, `nombre`, `apellido`) VALUES (484, 'Shayna', 'Bayer');
INSERT INTO `Farmaceuticos` (`idFarmaceutico`, `nombre`, `apellido`) VALUES (653, 'Mossie', 'Hirthe');
INSERT INTO `Farmaceuticos` (`idFarmaceutico`, `nombre`, `apellido`) VALUES (667, 'Amanda', 'Kuphal');
INSERT INTO `Farmaceuticos` (`idFarmaceutico`, `nombre`, `apellido`) VALUES (893, 'Keagan', 'Harber');
INSERT INTO `Farmaceuticos` (`idFarmaceutico`, `nombre`, `apellido`) VALUES (1224, 'Jamel', 'Schmitt');
INSERT INTO `Farmaceuticos` (`idFarmaceutico`, `nombre`, `apellido`) VALUES (2380, 'Jayme', 'Ratke');
INSERT INTO `Farmaceuticos` (`idFarmaceutico`, `nombre`, `apellido`) VALUES (2464, 'Paris', 'Daugherty');
INSERT INTO `Farmaceuticos` (`idFarmaceutico`, `nombre`, `apellido`) VALUES (2782, 'Maximo', 'Streich');
INSERT INTO `Farmaceuticos` (`idFarmaceutico`, `nombre`, `apellido`) VALUES (3112, 'Ramiro', 'Bahringer');
INSERT INTO `Farmaceuticos` (`idFarmaceutico`, `nombre`, `apellido`) VALUES (3892, 'Aditya', 'Quitzon');
INSERT INTO `Farmaceuticos` (`idFarmaceutico`, `nombre`, `apellido`) VALUES (4757, 'Horace', 'Raynor');
INSERT INTO `Farmaceuticos` (`idFarmaceutico`, `nombre`, `apellido`) VALUES (4815, 'Cortney', 'Collins');
INSERT INTO `Farmaceuticos` (`idFarmaceutico`, `nombre`, `apellido`) VALUES (6545, 'Nella', 'Okuneva');
INSERT INTO `Farmaceuticos` (`idFarmaceutico`, `nombre`, `apellido`) VALUES (6840, 'Christ', 'Littel');
INSERT INTO `Farmaceuticos` (`idFarmaceutico`, `nombre`, `apellido`) VALUES (6845, 'Paige', 'Cummerata');
INSERT INTO `Farmaceuticos` (`idFarmaceutico`, `nombre`, `apellido`) VALUES (7126, 'Verna', 'Beer');
INSERT INTO `Farmaceuticos` (`idFarmaceutico`, `nombre`, `apellido`) VALUES (7242, 'Magnolia', 'Sipes');
INSERT INTO `Farmaceuticos` (`idFarmaceutico`, `nombre`, `apellido`) VALUES (9274, 'Ned', 'Streich');
INSERT INTO `Farmaceuticos` (`idFarmaceutico`, `nombre`, `apellido`) VALUES (13108, 'Rashad', 'Kuhic');
INSERT INTO `Farmaceuticos` (`idFarmaceutico`, `nombre`, `apellido`) VALUES (31702, 'Unique', 'Predovic');
INSERT INTO `Farmaceuticos` (`idFarmaceutico`, `nombre`, `apellido`) VALUES (38022, 'Dave', 'Satterfield');
INSERT INTO `Farmaceuticos` (`idFarmaceutico`, `nombre`, `apellido`) VALUES (42825, 'Emmanuel', 'Abbott');
INSERT INTO `Farmaceuticos` (`idFarmaceutico`, `nombre`, `apellido`) VALUES (45340, 'Kristy', 'Kutch');
INSERT INTO `Farmaceuticos` (`idFarmaceutico`, `nombre`, `apellido`) VALUES (54908, 'Casimir', 'Davis');
INSERT INTO `Farmaceuticos` (`idFarmaceutico`, `nombre`, `apellido`) VALUES (57831, 'Jules', 'Hoeger');
INSERT INTO `Farmaceuticos` (`idFarmaceutico`, `nombre`, `apellido`) VALUES (60558, 'Fatima', 'Leannon');
INSERT INTO `Farmaceuticos` (`idFarmaceutico`, `nombre`, `apellido`) VALUES (60867, 'Theresia', 'Wunsch');
INSERT INTO `Farmaceuticos` (`idFarmaceutico`, `nombre`, `apellido`) VALUES (61572, 'Antonia', 'Schroeder');
INSERT INTO `Farmaceuticos` (`idFarmaceutico`, `nombre`, `apellido`) VALUES (71574, 'Benjamin', 'Hills');
INSERT INTO `Farmaceuticos` (`idFarmaceutico`, `nombre`, `apellido`) VALUES (72292, 'Callie', 'Kuvalis');
INSERT INTO `Farmaceuticos` (`idFarmaceutico`, `nombre`, `apellido`) VALUES (73722, 'Dean', 'Kohler');
INSERT INTO `Farmaceuticos` (`idFarmaceutico`, `nombre`, `apellido`) VALUES (75938, 'Mona', 'Nader');
INSERT INTO `Farmaceuticos` (`idFarmaceutico`, `nombre`, `apellido`) VALUES (76566, 'Colt', 'Hintz');
INSERT INTO `Farmaceuticos` (`idFarmaceutico`, `nombre`, `apellido`) VALUES (84293, 'Hubert', 'Hilll');
INSERT INTO `Farmaceuticos` (`idFarmaceutico`, `nombre`, `apellido`) VALUES (87673, 'Owen', 'Gerlach');
INSERT INTO `Farmaceuticos` (`idFarmaceutico`, `nombre`, `apellido`) VALUES (99345, 'Jermaine', 'Nicolas');
INSERT INTO `Farmaceuticos` (`idFarmaceutico`, `nombre`, `apellido`) VALUES (156311, 'Kris', 'Hettinger');
INSERT INTO `Farmaceuticos` (`idFarmaceutico`, `nombre`, `apellido`) VALUES (331975, 'Sammie', 'Wyman');
INSERT INTO `Farmaceuticos` (`idFarmaceutico`, `nombre`, `apellido`) VALUES (355355, 'Ewell', 'Koss');
INSERT INTO `Farmaceuticos` (`idFarmaceutico`, `nombre`, `apellido`) VALUES (563175, 'Olen', 'Abernathy');
INSERT INTO `Farmaceuticos` (`idFarmaceutico`, `nombre`, `apellido`) VALUES (593843, 'Reed', 'Gottlieb');
INSERT INTO `Farmaceuticos` (`idFarmaceutico`, `nombre`, `apellido`) VALUES (750630, 'Katelynn', 'Kutch');
INSERT INTO `Farmaceuticos` (`idFarmaceutico`, `nombre`, `apellido`) VALUES (938222, 'Kailey', 'Ratke');
INSERT INTO `Farmaceuticos` (`idFarmaceutico`, `nombre`, `apellido`) VALUES (971348, 'Rudy', 'Baumbach');
INSERT INTO `Farmaceuticos` (`idFarmaceutico`, `nombre`, `apellido`) VALUES (1289486, 'Clyde', 'Weimann');
INSERT INTO `Farmaceuticos` (`idFarmaceutico`, `nombre`, `apellido`) VALUES (2263258, 'Annetta', 'Tillman');
INSERT INTO `Farmaceuticos` (`idFarmaceutico`, `nombre`, `apellido`) VALUES (3712380, 'Caroline', 'Daugherty');
INSERT INTO `Farmaceuticos` (`idFarmaceutico`, `nombre`, `apellido`) VALUES (3797120, 'Cathryn', 'Bogisich');
INSERT INTO `Farmaceuticos` (`idFarmaceutico`, `nombre`, `apellido`) VALUES (3901905, 'Heloise', 'Quigley');
INSERT INTO `Farmaceuticos` (`idFarmaceutico`, `nombre`, `apellido`) VALUES (4944929, 'Wanda', 'Gerhold');
INSERT INTO `Farmaceuticos` (`idFarmaceutico`, `nombre`, `apellido`) VALUES (5278838, 'Earline', 'Jacobs');
INSERT INTO `Farmaceuticos` (`idFarmaceutico`, `nombre`, `apellido`) VALUES (5488895, 'Chaya', 'Block');
INSERT INTO `Farmaceuticos` (`idFarmaceutico`, `nombre`, `apellido`) VALUES (5902214, 'Kassandra', 'Lang');
INSERT INTO `Farmaceuticos` (`idFarmaceutico`, `nombre`, `apellido`) VALUES (7299947, 'Leonel', 'Parisian');
INSERT INTO `Farmaceuticos` (`idFarmaceutico`, `nombre`, `apellido`) VALUES (7863052, 'Joshuah', 'Pouros');
INSERT INTO `Farmaceuticos` (`idFarmaceutico`, `nombre`, `apellido`) VALUES (8449082, 'Anya', 'Jast');
INSERT INTO `Farmaceuticos` (`idFarmaceutico`, `nombre`, `apellido`) VALUES (9071343, 'Janis', 'Gislason');
INSERT INTO `Farmaceuticos` (`idFarmaceutico`, `nombre`, `apellido`) VALUES (9368868, 'Kennedy', 'Schulist');
INSERT INTO `Farmaceuticos` (`idFarmaceutico`, `nombre`, `apellido`) VALUES (9549444, 'Ardella', 'Keeling');
INSERT INTO `Farmaceuticos` (`idFarmaceutico`, `nombre`, `apellido`) VALUES (10227714, 'Jena', 'Rau');
INSERT INTO `Farmaceuticos` (`idFarmaceutico`, `nombre`, `apellido`) VALUES (24290766, 'Okey', 'Bins');
INSERT INTO `Farmaceuticos` (`idFarmaceutico`, `nombre`, `apellido`) VALUES (36098321, 'Skyla', 'Heller');
INSERT INTO `Farmaceuticos` (`idFarmaceutico`, `nombre`, `apellido`) VALUES (36235038, 'Marquise', 'Wolf');
INSERT INTO `Farmaceuticos` (`idFarmaceutico`, `nombre`, `apellido`) VALUES (46284276, 'Darrell', 'Reichel');
INSERT INTO `Farmaceuticos` (`idFarmaceutico`, `nombre`, `apellido`) VALUES (47219487, 'Jamey', 'Schumm');
INSERT INTO `Farmaceuticos` (`idFarmaceutico`, `nombre`, `apellido`) VALUES (58817383, 'Ivah', 'Braun');
INSERT INTO `Farmaceuticos` (`idFarmaceutico`, `nombre`, `apellido`) VALUES (58909217, 'Janice', 'Hackett');
INSERT INTO `Farmaceuticos` (`idFarmaceutico`, `nombre`, `apellido`) VALUES (62138359, 'Charley', 'Pagac');
INSERT INTO `Farmaceuticos` (`idFarmaceutico`, `nombre`, `apellido`) VALUES (96267047, 'Jimmie', 'Wolff');
INSERT INTO `Farmaceuticos` (`idFarmaceutico`, `nombre`, `apellido`) VALUES (161928464, 'Charlene', 'Konopelski');
INSERT INTO `Farmaceuticos` (`idFarmaceutico`, `nombre`, `apellido`) VALUES (210205917, 'Willow', 'Murray');
INSERT INTO `Farmaceuticos` (`idFarmaceutico`, `nombre`, `apellido`) VALUES (249121896, 'Cristopher', 'Rath');
INSERT INTO `Farmaceuticos` (`idFarmaceutico`, `nombre`, `apellido`) VALUES (299883987, 'Winnifred', 'Gerlach');
INSERT INTO `Farmaceuticos` (`idFarmaceutico`, `nombre`, `apellido`) VALUES (679959222, 'Lottie', 'Gibson');
INSERT INTO `Farmaceuticos` (`idFarmaceutico`, `nombre`, `apellido`) VALUES (880251479, 'Gladyce', 'Funk');
INSERT INTO `Farmaceuticos` (`idFarmaceutico`, `nombre`, `apellido`) VALUES (921499619, 'Stephania', 'Boehm');





INSERT INTO `Ciudades` (`codigoPostal`, `nombre`, `idFarmaceutico`) VALUES (174, 'East Kira', 280);
INSERT INTO `Ciudades` (`codigoPostal`, `nombre`, `idFarmaceutico`) VALUES (1296, 'Carolynland', 210205917);
INSERT INTO `Ciudades` (`codigoPostal`, `nombre`, `idFarmaceutico`) VALUES (2557, 'Hauckville', 96267047);
INSERT INTO `Ciudades` (`codigoPostal`, `nombre`, `idFarmaceutico`) VALUES (2956, 'South Emiliastad', 750630);
INSERT INTO `Ciudades` (`codigoPostal`, `nombre`, `idFarmaceutico`) VALUES (3583, 'Vonview', 5902214);
INSERT INTO `Ciudades` (`codigoPostal`, `nombre`, `idFarmaceutico`) VALUES (7829, 'Dachberg', 6545);
INSERT INTO `Ciudades` (`codigoPostal`, `nombre`, `idFarmaceutico`) VALUES (9986, 'North Wilhelminefort', 253);
INSERT INTO `Ciudades` (`codigoPostal`, `nombre`, `idFarmaceutico`) VALUES (11124, 'South Dewayneland', 5278838);
INSERT INTO `Ciudades` (`codigoPostal`, `nombre`, `idFarmaceutico`) VALUES (11583, 'Raynormouth', 563175);
INSERT INTO `Ciudades` (`codigoPostal`, `nombre`, `idFarmaceutico`) VALUES (11618, 'Leonelborough', 45340);
INSERT INTO `Ciudades` (`codigoPostal`, `nombre`, `idFarmaceutico`) VALUES (14724, 'Pollyshire', 2782);
INSERT INTO `Ciudades` (`codigoPostal`, `nombre`, `idFarmaceutico`) VALUES (14877, 'Lake Isacville', 2464);
INSERT INTO `Ciudades` (`codigoPostal`, `nombre`, `idFarmaceutico`) VALUES (15648, 'New Ianshire', 31702);
INSERT INTO `Ciudades` (`codigoPostal`, `nombre`, `idFarmaceutico`) VALUES (17678, 'Lake Judgetown', 46284276);
INSERT INTO `Ciudades` (`codigoPostal`, `nombre`, `idFarmaceutico`) VALUES (18396, 'Armstrongton', 1289486);
INSERT INTO `Ciudades` (`codigoPostal`, `nombre`, `idFarmaceutico`) VALUES (19586, 'West Charlenetown', 9);
INSERT INTO `Ciudades` (`codigoPostal`, `nombre`, `idFarmaceutico`) VALUES (20777, 'New Claudemouth', 7242);
INSERT INTO `Ciudades` (`codigoPostal`, `nombre`, `idFarmaceutico`) VALUES (22964, 'Cartwrightberg', 5);
INSERT INTO `Ciudades` (`codigoPostal`, `nombre`, `idFarmaceutico`) VALUES (23172, 'East Josianeshire', 161928464);
INSERT INTO `Ciudades` (`codigoPostal`, `nombre`, `idFarmaceutico`) VALUES (23746, 'Axelside', 1);
INSERT INTO `Ciudades` (`codigoPostal`, `nombre`, `idFarmaceutico`) VALUES (24216, 'East Dale', 58909217);
INSERT INTO `Ciudades` (`codigoPostal`, `nombre`, `idFarmaceutico`) VALUES (24725, 'East Tristian', 87);
INSERT INTO `Ciudades` (`codigoPostal`, `nombre`, `idFarmaceutico`) VALUES (25815, 'South Jeanieburgh', 54908);
INSERT INTO `Ciudades` (`codigoPostal`, `nombre`, `idFarmaceutico`) VALUES (28644, 'Port Laverneburgh', 355355);
INSERT INTO `Ciudades` (`codigoPostal`, `nombre`, `idFarmaceutico`) VALUES (29493, 'North Mona', 593843);
INSERT INTO `Ciudades` (`codigoPostal`, `nombre`, `idFarmaceutico`) VALUES (29635, 'Douglasside', 467);
INSERT INTO `Ciudades` (`codigoPostal`, `nombre`, `idFarmaceutico`) VALUES (30566, 'Jacobschester', 4815);
INSERT INTO `Ciudades` (`codigoPostal`, `nombre`, `idFarmaceutico`) VALUES (30974, 'New Geoffrey', 893);
INSERT INTO `Ciudades` (`codigoPostal`, `nombre`, `idFarmaceutico`) VALUES (31418, 'Odellville', 99345);
INSERT INTO `Ciudades` (`codigoPostal`, `nombre`, `idFarmaceutico`) VALUES (31642, 'East Estrellaton', 6);
INSERT INTO `Ciudades` (`codigoPostal`, `nombre`, `idFarmaceutico`) VALUES (33620, 'East Josieton', 71574);
INSERT INTO `Ciudades` (`codigoPostal`, `nombre`, `idFarmaceutico`) VALUES (33679, 'Noehaven', 73722);
INSERT INTO `Ciudades` (`codigoPostal`, `nombre`, `idFarmaceutico`) VALUES (34303, 'Schneidershire', 42825);
INSERT INTO `Ciudades` (`codigoPostal`, `nombre`, `idFarmaceutico`) VALUES (35541, 'Zboncakmouth', 7299947);
INSERT INTO `Ciudades` (`codigoPostal`, `nombre`, `idFarmaceutico`) VALUES (35841, 'Joshfurt', 880251479);
INSERT INTO `Ciudades` (`codigoPostal`, `nombre`, `idFarmaceutico`) VALUES (36052, 'New Melyna', 47219487);
INSERT INTO `Ciudades` (`codigoPostal`, `nombre`, `idFarmaceutico`) VALUES (37772, 'Port Jace', 1224);
INSERT INTO `Ciudades` (`codigoPostal`, `nombre`, `idFarmaceutico`) VALUES (38290, 'Lueilwitzport', 76566);
INSERT INTO `Ciudades` (`codigoPostal`, `nombre`, `idFarmaceutico`) VALUES (40075, 'Port Harold', 50);
INSERT INTO `Ciudades` (`codigoPostal`, `nombre`, `idFarmaceutico`) VALUES (44129, 'New Greysonmouth', 8449082);
INSERT INTO `Ciudades` (`codigoPostal`, `nombre`, `idFarmaceutico`) VALUES (44205, 'Greenholtport', 3);
INSERT INTO `Ciudades` (`codigoPostal`, `nombre`, `idFarmaceutico`) VALUES (44516, 'Steuberville', 60558);
INSERT INTO `Ciudades` (`codigoPostal`, `nombre`, `idFarmaceutico`) VALUES (45952, 'McCulloughfurt', 3797120);
INSERT INTO `Ciudades` (`codigoPostal`, `nombre`, `idFarmaceutico`) VALUES (46883, 'Emeraldport', 6845);
INSERT INTO `Ciudades` (`codigoPostal`, `nombre`, `idFarmaceutico`) VALUES (48065, 'West Wendy', 13);
INSERT INTO `Ciudades` (`codigoPostal`, `nombre`, `idFarmaceutico`) VALUES (48699, 'Ratkechester', 971348);
INSERT INTO `Ciudades` (`codigoPostal`, `nombre`, `idFarmaceutico`) VALUES (49740, 'Port Janessabury', 938222);
INSERT INTO `Ciudades` (`codigoPostal`, `nombre`, `idFarmaceutico`) VALUES (49860, 'New Brain', 57831);
INSERT INTO `Ciudades` (`codigoPostal`, `nombre`, `idFarmaceutico`) VALUES (50650, 'North Joelle', 75938);
INSERT INTO `Ciudades` (`codigoPostal`, `nombre`, `idFarmaceutico`) VALUES (50896, 'Heathcotefurt', 299883987);
INSERT INTO `Ciudades` (`codigoPostal`, `nombre`, `idFarmaceutico`) VALUES (51735, 'New Sharonshire', 298);
INSERT INTO `Ciudades` (`codigoPostal`, `nombre`, `idFarmaceutico`) VALUES (52077, 'Nathanland', 38022);
INSERT INTO `Ciudades` (`codigoPostal`, `nombre`, `idFarmaceutico`) VALUES (52488, 'West Abelardo', 9071343);
INSERT INTO `Ciudades` (`codigoPostal`, `nombre`, `idFarmaceutico`) VALUES (52525, 'North Elliefurt', 2380);
INSERT INTO `Ciudades` (`codigoPostal`, `nombre`, `idFarmaceutico`) VALUES (53032, 'West Yesseniabury', 653);
INSERT INTO `Ciudades` (`codigoPostal`, `nombre`, `idFarmaceutico`) VALUES (54496, 'Lake Timmy', 2);
INSERT INTO `Ciudades` (`codigoPostal`, `nombre`, `idFarmaceutico`) VALUES (55471, 'West Aniyamouth', 36098321);
INSERT INTO `Ciudades` (`codigoPostal`, `nombre`, `idFarmaceutico`) VALUES (55658, 'North Keyshawnhaven', 9274);
INSERT INTO `Ciudades` (`codigoPostal`, `nombre`, `idFarmaceutico`) VALUES (55858, 'Boylechester', 36235038);
INSERT INTO `Ciudades` (`codigoPostal`, `nombre`, `idFarmaceutico`) VALUES (57642, 'West Chase', 21);
INSERT INTO `Ciudades` (`codigoPostal`, `nombre`, `idFarmaceutico`) VALUES (57869, 'Port Karina', 484);
INSERT INTO `Ciudades` (`codigoPostal`, `nombre`, `idFarmaceutico`) VALUES (58691, 'North Deonbury', 2263258);
INSERT INTO `Ciudades` (`codigoPostal`, `nombre`, `idFarmaceutico`) VALUES (60106, 'Olsonhaven', 7126);
INSERT INTO `Ciudades` (`codigoPostal`, `nombre`, `idFarmaceutico`) VALUES (62236, 'Lake Emeliastad', 18);
INSERT INTO `Ciudades` (`codigoPostal`, `nombre`, `idFarmaceutico`) VALUES (64461, 'Johnsonberg', 97);
INSERT INTO `Ciudades` (`codigoPostal`, `nombre`, `idFarmaceutico`) VALUES (66907, 'Rolfsonside', 108);
INSERT INTO `Ciudades` (`codigoPostal`, `nombre`, `idFarmaceutico`) VALUES (70580, 'Conroytown', 84293);
INSERT INTO `Ciudades` (`codigoPostal`, `nombre`, `idFarmaceutico`) VALUES (71062, 'New Eloisa', 60867);
INSERT INTO `Ciudades` (`codigoPostal`, `nombre`, `idFarmaceutico`) VALUES (71273, 'Estherchester', 9368868);
INSERT INTO `Ciudades` (`codigoPostal`, `nombre`, `idFarmaceutico`) VALUES (73729, 'Whiteborough', 5488895);
INSERT INTO `Ciudades` (`codigoPostal`, `nombre`, `idFarmaceutico`) VALUES (73916, 'Schaeferfort', 7863052);
INSERT INTO `Ciudades` (`codigoPostal`, `nombre`, `idFarmaceutico`) VALUES (77002, 'Port Sylvester', 4757);
INSERT INTO `Ciudades` (`codigoPostal`, `nombre`, `idFarmaceutico`) VALUES (77099, 'West Reedview', 24290766);
INSERT INTO `Ciudades` (`codigoPostal`, `nombre`, `idFarmaceutico`) VALUES (77193, 'Barrowstown', 4944929);
INSERT INTO `Ciudades` (`codigoPostal`, `nombre`, `idFarmaceutico`) VALUES (77347, 'Sauerfort', 13108);
INSERT INTO `Ciudades` (`codigoPostal`, `nombre`, `idFarmaceutico`) VALUES (78246, 'Lake Jaquan', 72292);
INSERT INTO `Ciudades` (`codigoPostal`, `nombre`, `idFarmaceutico`) VALUES (79640, 'West Morton', 3901905);
INSERT INTO `Ciudades` (`codigoPostal`, `nombre`, `idFarmaceutico`) VALUES (83059, 'Amyfort', 9549444);
INSERT INTO `Ciudades` (`codigoPostal`, `nombre`, `idFarmaceutico`) VALUES (84399, 'New Maiya', 156311);
INSERT INTO `Ciudades` (`codigoPostal`, `nombre`, `idFarmaceutico`) VALUES (84590, 'Derekside', 3712380);
INSERT INTO `Ciudades` (`codigoPostal`, `nombre`, `idFarmaceutico`) VALUES (85148, 'Lake Myrtishaven', 3892);
INSERT INTO `Ciudades` (`codigoPostal`, `nombre`, `idFarmaceutico`) VALUES (86273, 'Ardentown', 667);
INSERT INTO `Ciudades` (`codigoPostal`, `nombre`, `idFarmaceutico`) VALUES (88508, 'Jaquanstad', 73);
INSERT INTO `Ciudades` (`codigoPostal`, `nombre`, `idFarmaceutico`) VALUES (89091, 'Mateoville', 921499619);
INSERT INTO `Ciudades` (`codigoPostal`, `nombre`, `idFarmaceutico`) VALUES (91258, 'Janside', 58817383);
INSERT INTO `Ciudades` (`codigoPostal`, `nombre`, `idFarmaceutico`) VALUES (91299, 'Emeliaville', 331975);
INSERT INTO `Ciudades` (`codigoPostal`, `nombre`, `idFarmaceutico`) VALUES (92186, 'Lake Madalynchester', 249121896);
INSERT INTO `Ciudades` (`codigoPostal`, `nombre`, `idFarmaceutico`) VALUES (93023, 'Delphaberg', 679959222);
INSERT INTO `Ciudades` (`codigoPostal`, `nombre`, `idFarmaceutico`) VALUES (94185, 'Morarborough', 330);
INSERT INTO `Ciudades` (`codigoPostal`, `nombre`, `idFarmaceutico`) VALUES (94661, 'New Vicenta', 80);
INSERT INTO `Ciudades` (`codigoPostal`, `nombre`, `idFarmaceutico`) VALUES (94681, 'New Naomitown', 62138359);
INSERT INTO `Ciudades` (`codigoPostal`, `nombre`, `idFarmaceutico`) VALUES (94758, 'Boyerville', 22);
INSERT INTO `Ciudades` (`codigoPostal`, `nombre`, `idFarmaceutico`) VALUES (94915, 'Port Juana', 87673);
INSERT INTO `Ciudades` (`codigoPostal`, `nombre`, `idFarmaceutico`) VALUES (96275, 'New Marlen', 6840);
INSERT INTO `Ciudades` (`codigoPostal`, `nombre`, `idFarmaceutico`) VALUES (96821, 'Lake Phyllis', 0);
INSERT INTO `Ciudades` (`codigoPostal`, `nombre`, `idFarmaceutico`) VALUES (96956, 'Zitashire', 61572);
INSERT INTO `Ciudades` (`codigoPostal`, `nombre`, `idFarmaceutico`) VALUES (97093, 'Reichelstad', 59);
INSERT INTO `Ciudades` (`codigoPostal`, `nombre`, `idFarmaceutico`) VALUES (97244, 'Magalifurt', 10227714);
INSERT INTO `Ciudades` (`codigoPostal`, `nombre`, `idFarmaceutico`) VALUES (97366, 'Macejkovicland', 20);
INSERT INTO `Ciudades` (`codigoPostal`, `nombre`, `idFarmaceutico`) VALUES (98169, 'South Cleoport', 3112);

INSERT INTO `Direccion` (`idDireccion`, `calle`, `numero`, `codigoPostal`) VALUES (0, 'Bednar Overpass', '61824', 24725);
INSERT INTO `Direccion` (`idDireccion`, `calle`, `numero`, `codigoPostal`) VALUES (1, 'Bahringer Knolls', '6771262', 44205);
INSERT INTO `Direccion` (`idDireccion`, `calle`, `numero`, `codigoPostal`) VALUES (3, 'Rick Lake', '2', 94661);
INSERT INTO `Direccion` (`idDireccion`, `calle`, `numero`, `codigoPostal`) VALUES (6, 'Maddison Fall', '817', 86273);
INSERT INTO `Direccion` (`idDireccion`, `calle`, `numero`, `codigoPostal`) VALUES (7, 'Bartoletti Expressway', '497891559', 97244);
INSERT INTO `Direccion` (`idDireccion`, `calle`, `numero`, `codigoPostal`) VALUES (8, 'Roberts Brook', '', 66907);
INSERT INTO `Direccion` (`idDireccion`, `calle`, `numero`, `codigoPostal`) VALUES (13, 'Maybelle Place', '85517793', 14877);
INSERT INTO `Direccion` (`idDireccion`, `calle`, `numero`, `codigoPostal`) VALUES (15, 'Elmore Highway', '12', 15648);
INSERT INTO `Direccion` (`idDireccion`, `calle`, `numero`, `codigoPostal`) VALUES (22, 'Cummings Fords', '5971303', 2557);
INSERT INTO `Direccion` (`idDireccion`, `calle`, `numero`, `codigoPostal`) VALUES (30, 'Mackenzie Island', '6503121', 29635);
INSERT INTO `Direccion` (`idDireccion`, `calle`, `numero`, `codigoPostal`) VALUES (40, 'Lowe Light', '2499702', 96275);
INSERT INTO `Direccion` (`idDireccion`, `calle`, `numero`, `codigoPostal`) VALUES (42, 'Stamm Place', '2764', 93023);
INSERT INTO `Direccion` (`idDireccion`, `calle`, `numero`, `codigoPostal`) VALUES (67, 'Devon Plaza', '339', 55471);
INSERT INTO `Direccion` (`idDireccion`, `calle`, `numero`, `codigoPostal`) VALUES (71, 'Raynor Motorway', '8307560', 14724);
INSERT INTO `Direccion` (`idDireccion`, `calle`, `numero`, `codigoPostal`) VALUES (72, 'McDermott Dam', '54008143', 174);
INSERT INTO `Direccion` (`idDireccion`, `calle`, `numero`, `codigoPostal`) VALUES (84, 'Harber Ports', '585443862', 31418);
INSERT INTO `Direccion` (`idDireccion`, `calle`, `numero`, `codigoPostal`) VALUES (115, 'Kshlerin Meadows', '115', 94758);
INSERT INTO `Direccion` (`idDireccion`, `calle`, `numero`, `codigoPostal`) VALUES (233, 'Reinger Bridge', '3351112', 28644);
INSERT INTO `Direccion` (`idDireccion`, `calle`, `numero`, `codigoPostal`) VALUES (325, 'Homenick Knolls', '803903549', 17678);
INSERT INTO `Direccion` (`idDireccion`, `calle`, `numero`, `codigoPostal`) VALUES (392, 'Weston Wall', '682548876', 34303);
INSERT INTO `Direccion` (`idDireccion`, `calle`, `numero`, `codigoPostal`) VALUES (419, 'Lessie Knoll', '84872', 11583);
INSERT INTO `Direccion` (`idDireccion`, `calle`, `numero`, `codigoPostal`) VALUES (421, 'Lonie Knoll', '150473', 24216);
INSERT INTO `Direccion` (`idDireccion`, `calle`, `numero`, `codigoPostal`) VALUES (568, 'Broderick Turnpike', '83', 91299);
INSERT INTO `Direccion` (`idDireccion`, `calle`, `numero`, `codigoPostal`) VALUES (650, 'Gulgowski Lodge', '3297038', 23172);
INSERT INTO `Direccion` (`idDireccion`, `calle`, `numero`, `codigoPostal`) VALUES (697, 'Kuhn Valleys', '362624', 97366);
INSERT INTO `Direccion` (`idDireccion`, `calle`, `numero`, `codigoPostal`) VALUES (722, 'Darryl Ranch', '83273', 37772);
INSERT INTO `Direccion` (`idDireccion`, `calle`, `numero`, `codigoPostal`) VALUES (771, 'Aliyah Shoal', '927', 84590);
INSERT INTO `Direccion` (`idDireccion`, `calle`, `numero`, `codigoPostal`) VALUES (839, 'Wolf Wells', '5211116', 97093);
INSERT INTO `Direccion` (`idDireccion`, `calle`, `numero`, `codigoPostal`) VALUES (852, 'Robyn Inlet', '5880', 94185);
INSERT INTO `Direccion` (`idDireccion`, `calle`, `numero`, `codigoPostal`) VALUES (911, 'Macejkovic Run', '', 78246);
INSERT INTO `Direccion` (`idDireccion`, `calle`, `numero`, `codigoPostal`) VALUES (983, 'Nedra Harbors', '37879145', 52077);
INSERT INTO `Direccion` (`idDireccion`, `calle`, `numero`, `codigoPostal`) VALUES (2228, 'O\'Reilly Underpass', '88', 50650);
INSERT INTO `Direccion` (`idDireccion`, `calle`, `numero`, `codigoPostal`) VALUES (2244, 'Alicia Station', '238', 29493);
INSERT INTO `Direccion` (`idDireccion`, `calle`, `numero`, `codigoPostal`) VALUES (2759, 'Zieme Fork', '', 55858);
INSERT INTO `Direccion` (`idDireccion`, `calle`, `numero`, `codigoPostal`) VALUES (3081, 'Linda Fields', '661321141', 35541);
INSERT INTO `Direccion` (`idDireccion`, `calle`, `numero`, `codigoPostal`) VALUES (3635, 'Lucinda Gateway', '2', 30974);
INSERT INTO `Direccion` (`idDireccion`, `calle`, `numero`, `codigoPostal`) VALUES (4363, 'Collier Mountain', '418780', 36052);
INSERT INTO `Direccion` (`idDireccion`, `calle`, `numero`, `codigoPostal`) VALUES (5119, 'Marianne Isle', '57008518', 89091);
INSERT INTO `Direccion` (`idDireccion`, `calle`, `numero`, `codigoPostal`) VALUES (6840, 'Huel Cape', '89', 49860);
INSERT INTO `Direccion` (`idDireccion`, `calle`, `numero`, `codigoPostal`) VALUES (7357, 'Zoe Landing', '6558', 46883);
INSERT INTO `Direccion` (`idDireccion`, `calle`, `numero`, `codigoPostal`) VALUES (8118, 'Cory Inlet', '', 85148);
INSERT INTO `Direccion` (`idDireccion`, `calle`, `numero`, `codigoPostal`) VALUES (9327, 'Jayne Lodge', '', 1296);
INSERT INTO `Direccion` (`idDireccion`, `calle`, `numero`, `codigoPostal`) VALUES (9443, 'Elvis Landing', '55575990', 55658);
INSERT INTO `Direccion` (`idDireccion`, `calle`, `numero`, `codigoPostal`) VALUES (11388, 'Crystal Mountain', '835241', 60106);
INSERT INTO `Direccion` (`idDireccion`, `calle`, `numero`, `codigoPostal`) VALUES (11729, 'Howe Turnpike', '', 18396);
INSERT INTO `Direccion` (`idDireccion`, `calle`, `numero`, `codigoPostal`) VALUES (23144, 'Torp Island', '6345', 40075);
INSERT INTO `Direccion` (`idDireccion`, `calle`, `numero`, `codigoPostal`) VALUES (23518, 'Desmond Turnpike', '8177', 94915);
INSERT INTO `Direccion` (`idDireccion`, `calle`, `numero`, `codigoPostal`) VALUES (26658, 'Arvilla Fork', '3342', 54496);
INSERT INTO `Direccion` (`idDireccion`, `calle`, `numero`, `codigoPostal`) VALUES (38677, 'Florence Rapid', '3839', 73729);
INSERT INTO `Direccion` (`idDireccion`, `calle`, `numero`, `codigoPostal`) VALUES (42382, 'Spinka Station', '167155', 33679);
INSERT INTO `Direccion` (`idDireccion`, `calle`, `numero`, `codigoPostal`) VALUES (59690, 'Witting Crossing', '', 48699);
INSERT INTO `Direccion` (`idDireccion`, `calle`, `numero`, `codigoPostal`) VALUES (60263, 'Watsica Center', '37584', 96956);
INSERT INTO `Direccion` (`idDireccion`, `calle`, `numero`, `codigoPostal`) VALUES (60928, 'Gisselle Loop', '922482609', 52488);
INSERT INTO `Direccion` (`idDireccion`, `calle`, `numero`, `codigoPostal`) VALUES (342923, 'Bahringer Run', '687', 57642);
INSERT INTO `Direccion` (`idDireccion`, `calle`, `numero`, `codigoPostal`) VALUES (362757, 'Abbott Mission', '853642479', 73916);
INSERT INTO `Direccion` (`idDireccion`, `calle`, `numero`, `codigoPostal`) VALUES (653609, 'Claudine Cove', '786783', 64461);
INSERT INTO `Direccion` (`idDireccion`, `calle`, `numero`, `codigoPostal`) VALUES (761440, 'Kobe Terrace', '54038', 83059);
INSERT INTO `Direccion` (`idDireccion`, `calle`, `numero`, `codigoPostal`) VALUES (826583, 'Deckow Stravenue', '1', 71273);
INSERT INTO `Direccion` (`idDireccion`, `calle`, `numero`, `codigoPostal`) VALUES (834633, 'Fritz Terrace', '4', 51735);
INSERT INTO `Direccion` (`idDireccion`, `calle`, `numero`, `codigoPostal`) VALUES (932414, 'Bailey Passage', '75808271', 11618);
INSERT INTO `Direccion` (`idDireccion`, `calle`, `numero`, `codigoPostal`) VALUES (974000, 'Barton Turnpike', '6', 62236);
INSERT INTO `Direccion` (`idDireccion`, `calle`, `numero`, `codigoPostal`) VALUES (982275, 'Stiedemann Camp', '30', 53032);
INSERT INTO `Direccion` (`idDireccion`, `calle`, `numero`, `codigoPostal`) VALUES (1278862, 'Evie Expressway', '500792057', 92186);
INSERT INTO `Direccion` (`idDireccion`, `calle`, `numero`, `codigoPostal`) VALUES (2253927, 'Davis Courts', '940504', 30566);
INSERT INTO `Direccion` (`idDireccion`, `calle`, `numero`, `codigoPostal`) VALUES (2974928, 'Lester Springs', '', 44129);
INSERT INTO `Direccion` (`idDireccion`, `calle`, `numero`, `codigoPostal`) VALUES (3887975, 'Buckridge Avenue', '', 23746);
INSERT INTO `Direccion` (`idDireccion`, `calle`, `numero`, `codigoPostal`) VALUES (5586529, 'Keon Flat', '46697', 79640);
INSERT INTO `Direccion` (`idDireccion`, `calle`, `numero`, `codigoPostal`) VALUES (5786527, 'Little Forges', '3', 2956);
INSERT INTO `Direccion` (`idDireccion`, `calle`, `numero`, `codigoPostal`) VALUES (6287728, 'Luella Run', '10829163', 31642);
INSERT INTO `Direccion` (`idDireccion`, `calle`, `numero`, `codigoPostal`) VALUES (6773188, 'Jacobi Via', '12795016', 35841);
INSERT INTO `Direccion` (`idDireccion`, `calle`, `numero`, `codigoPostal`) VALUES (7397179, 'Myrtle Fork', '333678595', 49740);
INSERT INTO `Direccion` (`idDireccion`, `calle`, `numero`, `codigoPostal`) VALUES (8444332, 'Pagac Overpass', '1460581', 48065);
INSERT INTO `Direccion` (`idDireccion`, `calle`, `numero`, `codigoPostal`) VALUES (8445392, 'Strosin Plains', '95994320', 88508);
INSERT INTO `Direccion` (`idDireccion`, `calle`, `numero`, `codigoPostal`) VALUES (36623832, 'Fadel Highway', '85', 7829);
INSERT INTO `Direccion` (`idDireccion`, `calle`, `numero`, `codigoPostal`) VALUES (36634157, 'Devyn Dam', '', 50896);
INSERT INTO `Direccion` (`idDireccion`, `calle`, `numero`, `codigoPostal`) VALUES (42174054, 'Gorczany Via', '990211280', 77099);
INSERT INTO `Direccion` (`idDireccion`, `calle`, `numero`, `codigoPostal`) VALUES (46187064, 'Adams Garden', '404', 84399);
INSERT INTO `Direccion` (`idDireccion`, `calle`, `numero`, `codigoPostal`) VALUES (55235799, 'Rory Ridges', '92134', 22964);
INSERT INTO `Direccion` (`idDireccion`, `calle`, `numero`, `codigoPostal`) VALUES (70683500, 'Kuhic Gateway', '', 98169);
INSERT INTO `Direccion` (`idDireccion`, `calle`, `numero`, `codigoPostal`) VALUES (77327256, 'Nolan Mall', '6', 96821);
INSERT INTO `Direccion` (`idDireccion`, `calle`, `numero`, `codigoPostal`) VALUES (83063644, 'Littel Shoal', '531372', 25815);
INSERT INTO `Direccion` (`idDireccion`, `calle`, `numero`, `codigoPostal`) VALUES (86050938, 'Gerry Parkway', '47282', 71062);
INSERT INTO `Direccion` (`idDireccion`, `calle`, `numero`, `codigoPostal`) VALUES (91759207, 'Ricardo Stream', '44', 58691);
INSERT INTO `Direccion` (`idDireccion`, `calle`, `numero`, `codigoPostal`) VALUES (93061862, 'Bernhard Field', '1606814', 38290);
INSERT INTO `Direccion` (`idDireccion`, `calle`, `numero`, `codigoPostal`) VALUES (98496412, 'McClure Avenue', '9991', 94681);
INSERT INTO `Direccion` (`idDireccion`, `calle`, `numero`, `codigoPostal`) VALUES (152854624, 'Welch Island', '76143', 77193);
INSERT INTO `Direccion` (`idDireccion`, `calle`, `numero`, `codigoPostal`) VALUES (168527412, 'Delaney Estate', '4', 52525);
INSERT INTO `Direccion` (`idDireccion`, `calle`, `numero`, `codigoPostal`) VALUES (184073186, 'Maya Mill', '343191', 77347);
INSERT INTO `Direccion` (`idDireccion`, `calle`, `numero`, `codigoPostal`) VALUES (250716752, 'Velma Burg', '690', 57869);
INSERT INTO `Direccion` (`idDireccion`, `calle`, `numero`, `codigoPostal`) VALUES (322315834, 'Deanna Road', '307768703', 20777);
INSERT INTO `Direccion` (`idDireccion`, `calle`, `numero`, `codigoPostal`) VALUES (368204936, 'Frederic Grove', '', 19586);
INSERT INTO `Direccion` (`idDireccion`, `calle`, `numero`, `codigoPostal`) VALUES (389086800, 'Rutherford Haven', '439', 33620);
INSERT INTO `Direccion` (`idDireccion`, `calle`, `numero`, `codigoPostal`) VALUES (507493879, 'Joy Point', '', 91258);
INSERT INTO `Direccion` (`idDireccion`, `calle`, `numero`, `codigoPostal`) VALUES (628242464, 'Maggio Oval', '265', 11124);
INSERT INTO `Direccion` (`idDireccion`, `calle`, `numero`, `codigoPostal`) VALUES (679396732, 'Lynch Meadow', '656280858', 9986);
INSERT INTO `Direccion` (`idDireccion`, `calle`, `numero`, `codigoPostal`) VALUES (681390038, 'Kiehn View', '70004249', 3583);
INSERT INTO `Direccion` (`idDireccion`, `calle`, `numero`, `codigoPostal`) VALUES (823235079, 'Rodriguez Rue', '', 77002);
INSERT INTO `Direccion` (`idDireccion`, `calle`, `numero`, `codigoPostal`) VALUES (870735037, 'Amalia Roads', '501889', 45952);
INSERT INTO `Direccion` (`idDireccion`, `calle`, `numero`, `codigoPostal`) VALUES (954494363, 'Ondricka Glens', '41', 70580);
INSERT INTO `Direccion` (`idDireccion`, `calle`, `numero`, `codigoPostal`) VALUES (974675977, 'Donnelly Dam', '1768854', 44516);

INSERT INTO `Afiliados` (`idAfiliado`, `nombre`, `apellido`, `tipoDoc`, `documento`, `fechaNac`, `fechaIng`, `idDireccion`, `porcenDescuento`) VALUES (0, 'Raymond', 'Dooley', '4', '762383', '1979-04-21', '2018-04-19', 40, 2);
INSERT INTO `Afiliados` (`idAfiliado`, `nombre`, `apellido`, `tipoDoc`, `documento`, `fechaNac`, `fechaIng`, `idDireccion`, `porcenDescuento`) VALUES (1, 'Nick', 'Stanton', '4', '22692', '2022-10-07', '1973-05-09', 67, 1);
INSERT INTO `Afiliados` (`idAfiliado`, `nombre`, `apellido`, `tipoDoc`, `documento`, `fechaNac`, `fechaIng`, `idDireccion`, `porcenDescuento`) VALUES (2, 'Angeline', 'Abshire', '8', '69', '1971-06-04', '1971-08-09', 23518, 3);
INSERT INTO `Afiliados` (`idAfiliado`, `nombre`, `apellido`, `tipoDoc`, `documento`, `fechaNac`, `fechaIng`, `idDireccion`, `porcenDescuento`) VALUES (4, 'Adriana', 'Connelly', '7', '706', '2020-10-30', '1999-11-28', 392, 6);
INSERT INTO `Afiliados` (`idAfiliado`, `nombre`, `apellido`, `tipoDoc`, `documento`, `fechaNac`, `fechaIng`, `idDireccion`, `porcenDescuento`) VALUES (5, 'Yolanda', 'Bauch', '4', '722898394', '2017-12-14', '1977-03-29', 1278862, 1);
INSERT INTO `Afiliados` (`idAfiliado`, `nombre`, `apellido`, `tipoDoc`, `documento`, `fechaNac`, `fechaIng`, `idDireccion`, `porcenDescuento`) VALUES (6, 'Gunnar', 'Wunsch', '5', '', '1985-11-09', '1974-01-06', 870735037, 3);
INSERT INTO `Afiliados` (`idAfiliado`, `nombre`, `apellido`, `tipoDoc`, `documento`, `fechaNac`, `fechaIng`, `idDireccion`, `porcenDescuento`) VALUES (7, 'Reva', 'Bahringer', '7', '64626041', '1973-08-08', '2015-09-28', 8445392, 5);
INSERT INTO `Afiliados` (`idAfiliado`, `nombre`, `apellido`, `tipoDoc`, `documento`, `fechaNac`, `fechaIng`, `idDireccion`, `porcenDescuento`) VALUES (8, 'Elda', 'Ondricka', '6', '950052', '1986-09-04', '1982-12-28', 761440, 5);
INSERT INTO `Afiliados` (`idAfiliado`, `nombre`, `apellido`, `tipoDoc`, `documento`, `fechaNac`, `fechaIng`, `idDireccion`, `porcenDescuento`) VALUES (9, 'Hettie', 'Ferry', '7', '63', '1971-09-14', '2008-07-08', 7, 9);
INSERT INTO `Afiliados` (`idAfiliado`, `nombre`, `apellido`, `tipoDoc`, `documento`, `fechaNac`, `fechaIng`, `idDireccion`, `porcenDescuento`) VALUES (12, 'Mabel', 'Boyle', '1', '4129', '1984-05-21', '2008-03-06', 59690, 4);
INSERT INTO `Afiliados` (`idAfiliado`, `nombre`, `apellido`, `tipoDoc`, `documento`, `fechaNac`, `fechaIng`, `idDireccion`, `porcenDescuento`) VALUES (27, 'Lynn', 'Kling', '4', '548234', '1983-04-10', '1980-11-05', 839, 8);
INSERT INTO `Afiliados` (`idAfiliado`, `nombre`, `apellido`, `tipoDoc`, `documento`, `fechaNac`, `fechaIng`, `idDireccion`, `porcenDescuento`) VALUES (36, 'Rickie', 'Rau', '9', '5', '1972-07-24', '2022-06-17', 650, 0);
INSERT INTO `Afiliados` (`idAfiliado`, `nombre`, `apellido`, `tipoDoc`, `documento`, `fechaNac`, `fechaIng`, `idDireccion`, `porcenDescuento`) VALUES (37, 'Shea', 'Shanahan', '5', '108', '1989-04-14', '1993-07-12', 834633, 9);
INSERT INTO `Afiliados` (`idAfiliado`, `nombre`, `apellido`, `tipoDoc`, `documento`, `fechaNac`, `fechaIng`, `idDireccion`, `porcenDescuento`) VALUES (42, 'Darren', 'Medhurst', '4', '3624', '1979-08-06', '1996-03-29', 115, 0);
INSERT INTO `Afiliados` (`idAfiliado`, `nombre`, `apellido`, `tipoDoc`, `documento`, `fechaNac`, `fechaIng`, `idDireccion`, `porcenDescuento`) VALUES (44, 'Mckenzie', 'Prosacco', '6', '1', '1985-02-22', '2007-09-05', 5786527, 2);
INSERT INTO `Afiliados` (`idAfiliado`, `nombre`, `apellido`, `tipoDoc`, `documento`, `fechaNac`, `fechaIng`, `idDireccion`, `porcenDescuento`) VALUES (54, 'Freeman', 'Halvorson', '4', '361738140', '2010-04-18', '1997-03-02', 5119, 0);
INSERT INTO `Afiliados` (`idAfiliado`, `nombre`, `apellido`, `tipoDoc`, `documento`, `fechaNac`, `fechaIng`, `idDireccion`, `porcenDescuento`) VALUES (69, 'Amari', 'Aufderhar', '5', '2', '1975-03-25', '2013-05-16', 84, 7);
INSERT INTO `Afiliados` (`idAfiliado`, `nombre`, `apellido`, `tipoDoc`, `documento`, `fechaNac`, `fechaIng`, `idDireccion`, `porcenDescuento`) VALUES (72, 'Whitney', 'Jast', '7', '36', '1973-12-14', '1975-06-30', 83063644, 1);
INSERT INTO `Afiliados` (`idAfiliado`, `nombre`, `apellido`, `tipoDoc`, `documento`, `fechaNac`, `fechaIng`, `idDireccion`, `porcenDescuento`) VALUES (76, 'Isadore', 'Ernser', '3', '40143', '1971-07-01', '1978-07-27', 722, 0);
INSERT INTO `Afiliados` (`idAfiliado`, `nombre`, `apellido`, `tipoDoc`, `documento`, `fechaNac`, `fechaIng`, `idDireccion`, `porcenDescuento`) VALUES (77, 'Meghan', 'Carroll', '4', '314096', '2014-03-03', '1989-03-08', 2759, 1);
INSERT INTO `Afiliados` (`idAfiliado`, `nombre`, `apellido`, `tipoDoc`, `documento`, `fechaNac`, `fechaIng`, `idDireccion`, `porcenDescuento`) VALUES (78, 'Aletha', 'Macejkovic', '6', '1854', '2018-08-16', '1993-10-12', 1, 3);
INSERT INTO `Afiliados` (`idAfiliado`, `nombre`, `apellido`, `tipoDoc`, `documento`, `fechaNac`, `fechaIng`, `idDireccion`, `porcenDescuento`) VALUES (93, 'Jany', 'Stamm', '1', '433382819', '2003-02-18', '1978-07-06', 2228, 7);
INSERT INTO `Afiliados` (`idAfiliado`, `nombre`, `apellido`, `tipoDoc`, `documento`, `fechaNac`, `fechaIng`, `idDireccion`, `porcenDescuento`) VALUES (96, 'Eldon', 'Lang', '2', '290860620', '1993-06-10', '1983-12-31', 5586529, 5);
INSERT INTO `Afiliados` (`idAfiliado`, `nombre`, `apellido`, `tipoDoc`, `documento`, `fechaNac`, `fechaIng`, `idDireccion`, `porcenDescuento`) VALUES (107, 'Brandi', 'Bashirian', '2', '18', '1986-06-02', '1980-10-30', 13, 0);
INSERT INTO `Afiliados` (`idAfiliado`, `nombre`, `apellido`, `tipoDoc`, `documento`, `fechaNac`, `fechaIng`, `idDireccion`, `porcenDescuento`) VALUES (170, 'Hobart', 'Cassin', '9', '18946', '2020-05-26', '1970-05-20', 568, 8);
INSERT INTO `Afiliados` (`idAfiliado`, `nombre`, `apellido`, `tipoDoc`, `documento`, `fechaNac`, `fechaIng`, `idDireccion`, `porcenDescuento`) VALUES (189, 'Joan', 'Wilderman', '6', '17', '1975-06-12', '2000-03-20', 77327256, 7);
INSERT INTO `Afiliados` (`idAfiliado`, `nombre`, `apellido`, `tipoDoc`, `documento`, `fechaNac`, `fechaIng`, `idDireccion`, `porcenDescuento`) VALUES (369, 'Gus', 'Harris', '7', '4725846', '2022-10-16', '2019-12-23', 23144, 6);
INSERT INTO `Afiliados` (`idAfiliado`, `nombre`, `apellido`, `tipoDoc`, `documento`, `fechaNac`, `fechaIng`, `idDireccion`, `porcenDescuento`) VALUES (451, 'Maiya', 'Schimmel', '6', '', '1977-01-01', '1975-10-28', 3, 6);
INSERT INTO `Afiliados` (`idAfiliado`, `nombre`, `apellido`, `tipoDoc`, `documento`, `fechaNac`, `fechaIng`, `idDireccion`, `porcenDescuento`) VALUES (493, 'Jacklyn', 'Johnston', '8', '328', '1993-05-01', '1992-07-24', 8444332, 0);
INSERT INTO `Afiliados` (`idAfiliado`, `nombre`, `apellido`, `tipoDoc`, `documento`, `fechaNac`, `fechaIng`, `idDireccion`, `porcenDescuento`) VALUES (498, 'Althea', 'Kuhlman', '7', '789339', '1971-12-08', '2002-01-12', 3081, 2);
INSERT INTO `Afiliados` (`idAfiliado`, `nombre`, `apellido`, `tipoDoc`, `documento`, `fechaNac`, `fechaIng`, `idDireccion`, `porcenDescuento`) VALUES (598, 'Antonia', 'Labadie', '1', '8831689', '1972-11-03', '1984-02-06', 6773188, 8);
INSERT INTO `Afiliados` (`idAfiliado`, `nombre`, `apellido`, `tipoDoc`, `documento`, `fechaNac`, `fechaIng`, `idDireccion`, `porcenDescuento`) VALUES (639, 'Jadon', 'Goyette', '1', '2', '2007-05-29', '1998-08-01', 9443, 7);
INSERT INTO `Afiliados` (`idAfiliado`, `nombre`, `apellido`, `tipoDoc`, `documento`, `fechaNac`, `fechaIng`, `idDireccion`, `porcenDescuento`) VALUES (852, 'Trinity', 'Auer', '8', '1427509', '2018-03-25', '1970-07-05', 368204936, 2);
INSERT INTO `Afiliados` (`idAfiliado`, `nombre`, `apellido`, `tipoDoc`, `documento`, `fechaNac`, `fechaIng`, `idDireccion`, `porcenDescuento`) VALUES (911, 'Franco', 'Kassulke', '1', '67', '1977-07-04', '2015-08-14', 70683500, 0);
INSERT INTO `Afiliados` (`idAfiliado`, `nombre`, `apellido`, `tipoDoc`, `documento`, `fechaNac`, `fechaIng`, `idDireccion`, `porcenDescuento`) VALUES (1019, 'Camren', 'Doyle', '6', '6105863', '1988-12-15', '2022-10-15', 4363, 5);
INSERT INTO `Afiliados` (`idAfiliado`, `nombre`, `apellido`, `tipoDoc`, `documento`, `fechaNac`, `fechaIng`, `idDireccion`, `porcenDescuento`) VALUES (3579, 'Gaston', 'Ernser', '1', '5825', '2001-08-25', '1994-02-27', 852, 9);
INSERT INTO `Afiliados` (`idAfiliado`, `nombre`, `apellido`, `tipoDoc`, `documento`, `fechaNac`, `fechaIng`, `idDireccion`, `porcenDescuento`) VALUES (6761, 'Braden', 'Abernathy', '2', '6389245', '1977-06-25', '1999-05-15', 184073186, 3);
INSERT INTO `Afiliados` (`idAfiliado`, `nombre`, `apellido`, `tipoDoc`, `documento`, `fechaNac`, `fechaIng`, `idDireccion`, `porcenDescuento`) VALUES (9035, 'Joshua', 'Borer', '6', '1', '2004-08-07', '1996-04-24', 72, 7);
INSERT INTO `Afiliados` (`idAfiliado`, `nombre`, `apellido`, `tipoDoc`, `documento`, `fechaNac`, `fechaIng`, `idDireccion`, `porcenDescuento`) VALUES (13869, 'Raina', 'Lang', '4', '155737313', '2003-08-09', '1998-09-09', 507493879, 4);
INSERT INTO `Afiliados` (`idAfiliado`, `nombre`, `apellido`, `tipoDoc`, `documento`, `fechaNac`, `fechaIng`, `idDireccion`, `porcenDescuento`) VALUES (14895, 'Josie', 'O\'Connell', '7', '1933', '2008-10-21', '2013-08-02', 679396732, 1);
INSERT INTO `Afiliados` (`idAfiliado`, `nombre`, `apellido`, `tipoDoc`, `documento`, `fechaNac`, `fechaIng`, `idDireccion`, `porcenDescuento`) VALUES (25542, 'Rita', 'Yundt', '2', '291046', '1981-04-08', '1973-09-29', 7397179, 0);
INSERT INTO `Afiliados` (`idAfiliado`, `nombre`, `apellido`, `tipoDoc`, `documento`, `fechaNac`, `fechaIng`, `idDireccion`, `porcenDescuento`) VALUES (31354, 'Martin', 'Mraz', '8', '', '2022-03-24', '2004-09-27', 325, 1);
INSERT INTO `Afiliados` (`idAfiliado`, `nombre`, `apellido`, `tipoDoc`, `documento`, `fechaNac`, `fechaIng`, `idDireccion`, `porcenDescuento`) VALUES (40480, 'Hillard', 'Howe', '4', '85461', '1978-08-15', '1974-02-25', 250716752, 4);
INSERT INTO `Afiliados` (`idAfiliado`, `nombre`, `apellido`, `tipoDoc`, `documento`, `fechaNac`, `fechaIng`, `idDireccion`, `porcenDescuento`) VALUES (45779, 'Gay', 'Anderson', '7', '6497954', '1996-11-05', '1983-02-23', 42382, 1);
INSERT INTO `Afiliados` (`idAfiliado`, `nombre`, `apellido`, `tipoDoc`, `documento`, `fechaNac`, `fechaIng`, `idDireccion`, `porcenDescuento`) VALUES (46256, 'Meaghan', 'Collins', '3', '211', '2020-06-07', '1987-02-21', 233, 3);
INSERT INTO `Afiliados` (`idAfiliado`, `nombre`, `apellido`, `tipoDoc`, `documento`, `fechaNac`, `fechaIng`, `idDireccion`, `porcenDescuento`) VALUES (46734, 'Josefa', 'Roob', '2', '62', '2016-04-14', '2017-06-21', 2974928, 6);
INSERT INTO `Afiliados` (`idAfiliado`, `nombre`, `apellido`, `tipoDoc`, `documento`, `fechaNac`, `fechaIng`, `idDireccion`, `porcenDescuento`) VALUES (51787, 'Ron', 'Streich', '6', '3259', '2003-04-03', '2005-01-23', 42, 3);
INSERT INTO `Afiliados` (`idAfiliado`, `nombre`, `apellido`, `tipoDoc`, `documento`, `fechaNac`, `fechaIng`, `idDireccion`, `porcenDescuento`) VALUES (56259, 'Halie', 'McCullough', '1', '61418', '2022-05-29', '1989-08-30', 7357, 3);
INSERT INTO `Afiliados` (`idAfiliado`, `nombre`, `apellido`, `tipoDoc`, `documento`, `fechaNac`, `fechaIng`, `idDireccion`, `porcenDescuento`) VALUES (60447, 'Rose', 'O\'Kon', '2', '11644', '1998-04-27', '2003-09-08', 681390038, 8);
INSERT INTO `Afiliados` (`idAfiliado`, `nombre`, `apellido`, `tipoDoc`, `documento`, `fechaNac`, `fechaIng`, `idDireccion`, `porcenDescuento`) VALUES (61183, 'Elyssa', 'Hoppe', '1', '10766', '2006-05-09', '1983-09-06', 71, 0);
INSERT INTO `Afiliados` (`idAfiliado`, `nombre`, `apellido`, `tipoDoc`, `documento`, `fechaNac`, `fechaIng`, `idDireccion`, `porcenDescuento`) VALUES (63382, 'Virgie', 'Haley', '1', '6', '2014-04-04', '1972-06-17', 771, 8);
INSERT INTO `Afiliados` (`idAfiliado`, `nombre`, `apellido`, `tipoDoc`, `documento`, `fechaNac`, `fechaIng`, `idDireccion`, `porcenDescuento`) VALUES (83674, 'Gabrielle', 'Huel', '4', '335', '2002-08-27', '1997-08-20', 911, 5);
INSERT INTO `Afiliados` (`idAfiliado`, `nombre`, `apellido`, `tipoDoc`, `documento`, `fechaNac`, `fechaIng`, `idDireccion`, `porcenDescuento`) VALUES (98145, 'Nicholaus', 'Pouros', '4', '976636548', '2008-11-03', '1975-02-04', 11729, 6);
INSERT INTO `Afiliados` (`idAfiliado`, `nombre`, `apellido`, `tipoDoc`, `documento`, `fechaNac`, `fechaIng`, `idDireccion`, `porcenDescuento`) VALUES (102473, 'Clovis', 'Lind', '7', '213', '2001-09-03', '1990-05-22', 322315834, 0);
INSERT INTO `Afiliados` (`idAfiliado`, `nombre`, `apellido`, `tipoDoc`, `documento`, `fechaNac`, `fechaIng`, `idDireccion`, `porcenDescuento`) VALUES (151574, 'Sadye', 'Hudson', '1', '', '1998-09-20', '1999-01-25', 26658, 9);
INSERT INTO `Afiliados` (`idAfiliado`, `nombre`, `apellido`, `tipoDoc`, `documento`, `fechaNac`, `fechaIng`, `idDireccion`, `porcenDescuento`) VALUES (279080, 'Samantha', 'Macejkovic', '9', '50372543', '1972-11-12', '2014-04-16', 983, 4);
INSERT INTO `Afiliados` (`idAfiliado`, `nombre`, `apellido`, `tipoDoc`, `documento`, `fechaNac`, `fechaIng`, `idDireccion`, `porcenDescuento`) VALUES (366551, 'Johanna', 'Doyle', '7', '79938977', '1988-05-17', '1994-07-06', 974000, 1);
INSERT INTO `Afiliados` (`idAfiliado`, `nombre`, `apellido`, `tipoDoc`, `documento`, `fechaNac`, `fechaIng`, `idDireccion`, `porcenDescuento`) VALUES (483270, 'Abby', 'Pacocha', '9', '831', '1987-07-09', '1997-07-14', 8, 7);
INSERT INTO `Afiliados` (`idAfiliado`, `nombre`, `apellido`, `tipoDoc`, `documento`, `fechaNac`, `fechaIng`, `idDireccion`, `porcenDescuento`) VALUES (581945, 'Gus', 'Bailey', '5', '812293041', '2019-06-29', '2005-06-14', 419, 0);
INSERT INTO `Afiliados` (`idAfiliado`, `nombre`, `apellido`, `tipoDoc`, `documento`, `fechaNac`, `fechaIng`, `idDireccion`, `porcenDescuento`) VALUES (660855, 'Maritza', 'Kozey', '4', '8', '1976-11-12', '1989-10-29', 11388, 1);
INSERT INTO `Afiliados` (`idAfiliado`, `nombre`, `apellido`, `tipoDoc`, `documento`, `fechaNac`, `fechaIng`, `idDireccion`, `porcenDescuento`) VALUES (791246, 'Kailey', 'Hauck', '8', '863585', '1974-03-22', '2010-09-03', 823235079, 6);
INSERT INTO `Afiliados` (`idAfiliado`, `nombre`, `apellido`, `tipoDoc`, `documento`, `fechaNac`, `fechaIng`, `idDireccion`, `porcenDescuento`) VALUES (893997, 'Roscoe', 'Runte', '4', '7', '2017-10-16', '1986-12-04', 6840, 5);
INSERT INTO `Afiliados` (`idAfiliado`, `nombre`, `apellido`, `tipoDoc`, `documento`, `fechaNac`, `fechaIng`, `idDireccion`, `porcenDescuento`) VALUES (904002, 'Juvenal', 'Haag', '8', '70383054', '2005-04-27', '1978-01-06', 6, 4);
INSERT INTO `Afiliados` (`idAfiliado`, `nombre`, `apellido`, `tipoDoc`, `documento`, `fechaNac`, `fechaIng`, `idDireccion`, `porcenDescuento`) VALUES (921574, 'Juliana', 'Lang', '2', '35', '2000-08-22', '2004-02-11', 6287728, 3);
INSERT INTO `Afiliados` (`idAfiliado`, `nombre`, `apellido`, `tipoDoc`, `documento`, `fechaNac`, `fechaIng`, `idDireccion`, `porcenDescuento`) VALUES (1786235, 'Anjali', 'Beier', '3', '8', '2023-03-25', '1994-03-30', 8118, 5);
INSERT INTO `Afiliados` (`idAfiliado`, `nombre`, `apellido`, `tipoDoc`, `documento`, `fechaNac`, `fechaIng`, `idDireccion`, `porcenDescuento`) VALUES (2468138, 'Jayde', 'Nicolas', '7', '216', '2020-08-12', '2023-04-02', 342923, 6);
INSERT INTO `Afiliados` (`idAfiliado`, `nombre`, `apellido`, `tipoDoc`, `documento`, `fechaNac`, `fechaIng`, `idDireccion`, `porcenDescuento`) VALUES (2662283, 'Stanley', 'Barrows', '9', '98833', '1977-08-01', '1994-09-21', 9327, 1);
INSERT INTO `Afiliados` (`idAfiliado`, `nombre`, `apellido`, `tipoDoc`, `documento`, `fechaNac`, `fechaIng`, `idDireccion`, `porcenDescuento`) VALUES (3382361, 'Kristy', 'Dach', '2', '6395', '2010-07-15', '2001-09-04', 36623832, 5);
INSERT INTO `Afiliados` (`idAfiliado`, `nombre`, `apellido`, `tipoDoc`, `documento`, `fechaNac`, `fechaIng`, `idDireccion`, `porcenDescuento`) VALUES (4419441, 'Lenna', 'Kerluke', '8', '541264154', '1972-06-23', '1985-10-20', 389086800, 0);
INSERT INTO `Afiliados` (`idAfiliado`, `nombre`, `apellido`, `tipoDoc`, `documento`, `fechaNac`, `fechaIng`, `idDireccion`, `porcenDescuento`) VALUES (4874073, 'Aditya', 'Bailey', '4', '4', '1990-03-05', '2021-02-16', 42174054, 4);
INSERT INTO `Afiliados` (`idAfiliado`, `nombre`, `apellido`, `tipoDoc`, `documento`, `fechaNac`, `fechaIng`, `idDireccion`, `porcenDescuento`) VALUES (6260783, 'Kristin', 'Christiansen', '9', '750', '2006-02-07', '1997-10-30', 421, 3);
INSERT INTO `Afiliados` (`idAfiliado`, `nombre`, `apellido`, `tipoDoc`, `documento`, `fechaNac`, `fechaIng`, `idDireccion`, `porcenDescuento`) VALUES (6264469, 'Polly', 'Reichert', '1', '291803738', '2015-09-17', '1989-10-04', 152854624, 1);
INSERT INTO `Afiliados` (`idAfiliado`, `nombre`, `apellido`, `tipoDoc`, `documento`, `fechaNac`, `fechaIng`, `idDireccion`, `porcenDescuento`) VALUES (6919497, 'Kurtis', 'Swaniawski', '2', '', '2004-10-01', '2003-07-12', 3887975, 9);
INSERT INTO `Afiliados` (`idAfiliado`, `nombre`, `apellido`, `tipoDoc`, `documento`, `fechaNac`, `fechaIng`, `idDireccion`, `porcenDescuento`) VALUES (7559993, 'Clarabelle', 'McCullough', '3', '96630', '1976-11-20', '1970-05-08', 826583, 3);
INSERT INTO `Afiliados` (`idAfiliado`, `nombre`, `apellido`, `tipoDoc`, `documento`, `fechaNac`, `fechaIng`, `idDireccion`, `porcenDescuento`) VALUES (8207031, 'Carlie', 'Koelpin', '7', '12130231', '1990-03-02', '1970-06-19', 653609, 5);
INSERT INTO `Afiliados` (`idAfiliado`, `nombre`, `apellido`, `tipoDoc`, `documento`, `fechaNac`, `fechaIng`, `idDireccion`, `porcenDescuento`) VALUES (9183172, 'Kaylin', 'Abernathy', '8', '5999620', '2011-06-19', '1991-01-08', 932414, 9);
INSERT INTO `Afiliados` (`idAfiliado`, `nombre`, `apellido`, `tipoDoc`, `documento`, `fechaNac`, `fechaIng`, `idDireccion`, `porcenDescuento`) VALUES (9547613, 'Madisen', 'Schumm', '9', '617420', '1995-04-13', '2003-06-06', 974675977, 1);
INSERT INTO `Afiliados` (`idAfiliado`, `nombre`, `apellido`, `tipoDoc`, `documento`, `fechaNac`, `fechaIng`, `idDireccion`, `porcenDescuento`) VALUES (20204375, 'Ahmed', 'Wolf', '7', '2791691', '1979-01-16', '2007-03-19', 362757, 2);
INSERT INTO `Afiliados` (`idAfiliado`, `nombre`, `apellido`, `tipoDoc`, `documento`, `fechaNac`, `fechaIng`, `idDireccion`, `porcenDescuento`) VALUES (21059655, 'Keenan', 'Zieme', '6', '6227', '1985-10-23', '1971-12-16', 982275, 4);
INSERT INTO `Afiliados` (`idAfiliado`, `nombre`, `apellido`, `tipoDoc`, `documento`, `fechaNac`, `fechaIng`, `idDireccion`, `porcenDescuento`) VALUES (30395198, 'Larue', 'Orn', '9', '5', '1991-09-09', '1981-08-25', 22, 2);
INSERT INTO `Afiliados` (`idAfiliado`, `nombre`, `apellido`, `tipoDoc`, `documento`, `fechaNac`, `fechaIng`, `idDireccion`, `porcenDescuento`) VALUES (37595559, 'Herta', 'Adams', '8', '628', '2018-03-31', '2005-10-29', 36634157, 3);
INSERT INTO `Afiliados` (`idAfiliado`, `nombre`, `apellido`, `tipoDoc`, `documento`, `fechaNac`, `fechaIng`, `idDireccion`, `porcenDescuento`) VALUES (52978517, 'Owen', 'Gerlach', '6', '', '1975-03-29', '2016-06-05', 2244, 8);
INSERT INTO `Afiliados` (`idAfiliado`, `nombre`, `apellido`, `tipoDoc`, `documento`, `fechaNac`, `fechaIng`, `idDireccion`, `porcenDescuento`) VALUES (59381191, 'Rudy', 'Lind', '5', '7873', '1973-09-19', '1995-01-06', 91759207, 2);
INSERT INTO `Afiliados` (`idAfiliado`, `nombre`, `apellido`, `tipoDoc`, `documento`, `fechaNac`, `fechaIng`, `idDireccion`, `porcenDescuento`) VALUES (66318920, 'Leslie', 'D\'Amore', '6', '2998561', '1988-01-05', '2003-01-16', 60928, 1);
INSERT INTO `Afiliados` (`idAfiliado`, `nombre`, `apellido`, `tipoDoc`, `documento`, `fechaNac`, `fechaIng`, `idDireccion`, `porcenDescuento`) VALUES (68063918, 'Crystel', 'Frami', '1', '66822', '2001-11-04', '2000-07-21', 697, 1);
INSERT INTO `Afiliados` (`idAfiliado`, `nombre`, `apellido`, `tipoDoc`, `documento`, `fechaNac`, `fechaIng`, `idDireccion`, `porcenDescuento`) VALUES (77699074, 'Karl', 'Anderson', '9', '131231', '1982-06-10', '2012-03-17', 30, 4);
INSERT INTO `Afiliados` (`idAfiliado`, `nombre`, `apellido`, `tipoDoc`, `documento`, `fechaNac`, `fechaIng`, `idDireccion`, `porcenDescuento`) VALUES (90767726, 'Dolly', 'Lueilwitz', '5', '823', '1985-12-14', '1977-05-20', 2253927, 3);
INSERT INTO `Afiliados` (`idAfiliado`, `nombre`, `apellido`, `tipoDoc`, `documento`, `fechaNac`, `fechaIng`, `idDireccion`, `porcenDescuento`) VALUES (93488638, 'Justice', 'Herzog', '5', '2372', '2013-02-20', '1996-12-11', 38677, 2);
INSERT INTO `Afiliados` (`idAfiliado`, `nombre`, `apellido`, `tipoDoc`, `documento`, `fechaNac`, `fechaIng`, `idDireccion`, `porcenDescuento`) VALUES (98214814, 'Virgil', 'Rippin', '3', '436', '1992-05-07', '1975-08-28', 15, 0);
INSERT INTO `Afiliados` (`idAfiliado`, `nombre`, `apellido`, `tipoDoc`, `documento`, `fechaNac`, `fechaIng`, `idDireccion`, `porcenDescuento`) VALUES (140721258, 'Madilyn', 'Gutkowski', '3', '994', '1989-09-17', '2000-05-15', 628242464, 4);
INSERT INTO `Afiliados` (`idAfiliado`, `nombre`, `apellido`, `tipoDoc`, `documento`, `fechaNac`, `fechaIng`, `idDireccion`, `porcenDescuento`) VALUES (220770692, 'Jordi', 'Hickle', '7', '41', '1971-11-25', '1992-11-29', 93061862, 8);
INSERT INTO `Afiliados` (`idAfiliado`, `nombre`, `apellido`, `tipoDoc`, `documento`, `fechaNac`, `fechaIng`, `idDireccion`, `porcenDescuento`) VALUES (257385978, 'Sadie', 'Steuber', '4', '523969188', '1996-06-29', '2012-04-14', 168527412, 3);
INSERT INTO `Afiliados` (`idAfiliado`, `nombre`, `apellido`, `tipoDoc`, `documento`, `fechaNac`, `fechaIng`, `idDireccion`, `porcenDescuento`) VALUES (293627386, 'Edgar', 'Heidenreich', '3', '9819', '1976-01-02', '2014-11-21', 0, 6);
INSERT INTO `Afiliados` (`idAfiliado`, `nombre`, `apellido`, `tipoDoc`, `documento`, `fechaNac`, `fechaIng`, `idDireccion`, `porcenDescuento`) VALUES (313019389, 'Tamara', 'Vandervort', '5', '950171633', '2016-08-20', '2007-11-11', 98496412, 3);
INSERT INTO `Afiliados` (`idAfiliado`, `nombre`, `apellido`, `tipoDoc`, `documento`, `fechaNac`, `fechaIng`, `idDireccion`, `porcenDescuento`) VALUES (340372429, 'Karl', 'Schmitt', '2', '218065', '2019-04-21', '1980-02-19', 55235799, 5);
INSERT INTO `Afiliados` (`idAfiliado`, `nombre`, `apellido`, `tipoDoc`, `documento`, `fechaNac`, `fechaIng`, `idDireccion`, `porcenDescuento`) VALUES (375770126, 'Larissa', 'Morar', '4', '807905', '1997-02-26', '1992-05-10', 60263, 0);
INSERT INTO `Afiliados` (`idAfiliado`, `nombre`, `apellido`, `tipoDoc`, `documento`, `fechaNac`, `fechaIng`, `idDireccion`, `porcenDescuento`) VALUES (398884098, 'Lonie', 'Wuckert', '3', '791649', '2010-09-22', '1987-10-14', 86050938, 7);
INSERT INTO `Afiliados` (`idAfiliado`, `nombre`, `apellido`, `tipoDoc`, `documento`, `fechaNac`, `fechaIng`, `idDireccion`, `porcenDescuento`) VALUES (558881918, 'Jakayla', 'Wehner', '8', '50751881', '2005-10-08', '2003-01-31', 954494363, 3);
INSERT INTO `Afiliados` (`idAfiliado`, `nombre`, `apellido`, `tipoDoc`, `documento`, `fechaNac`, `fechaIng`, `idDireccion`, `porcenDescuento`) VALUES (724091988, 'Tavares', 'Cummerata', '9', '754', '1992-12-26', '1970-12-13', 3635, 7);
INSERT INTO `Afiliados` (`idAfiliado`, `nombre`, `apellido`, `tipoDoc`, `documento`, `fechaNac`, `fechaIng`, `idDireccion`, `porcenDescuento`) VALUES (956674983, 'Jakayla', 'Pagac', '2', '860737894', '2022-12-17', '2013-11-10', 46187064, 8);

INSERT INTO `AfiliadoCronico` (`idAfiliado`) VALUES (0);
INSERT INTO `AfiliadoCronico` (`idAfiliado`) VALUES (1);
INSERT INTO `AfiliadoCronico` (`idAfiliado`) VALUES (2);
INSERT INTO `AfiliadoCronico` (`idAfiliado`) VALUES (4);
INSERT INTO `AfiliadoCronico` (`idAfiliado`) VALUES (5);
INSERT INTO `AfiliadoCronico` (`idAfiliado`) VALUES (6);
INSERT INTO `AfiliadoCronico` (`idAfiliado`) VALUES (7);
INSERT INTO `AfiliadoCronico` (`idAfiliado`) VALUES (8);
INSERT INTO `AfiliadoCronico` (`idAfiliado`) VALUES (9);
INSERT INTO `AfiliadoCronico` (`idAfiliado`) VALUES (12);
INSERT INTO `AfiliadoCronico` (`idAfiliado`) VALUES (27);
INSERT INTO `AfiliadoCronico` (`idAfiliado`) VALUES (36);
INSERT INTO `AfiliadoCronico` (`idAfiliado`) VALUES (37);
INSERT INTO `AfiliadoCronico` (`idAfiliado`) VALUES (42);
INSERT INTO `AfiliadoCronico` (`idAfiliado`) VALUES (44);
INSERT INTO `AfiliadoCronico` (`idAfiliado`) VALUES (54);
INSERT INTO `AfiliadoCronico` (`idAfiliado`) VALUES (69);
INSERT INTO `AfiliadoCronico` (`idAfiliado`) VALUES (72);
INSERT INTO `AfiliadoCronico` (`idAfiliado`) VALUES (76);
INSERT INTO `AfiliadoCronico` (`idAfiliado`) VALUES (77);

INSERT INTO `Transportistas` (`cuitTransportista`, `razonSocial`, `telefono`, `email`, `idDireccion`) VALUES (0, 'Alias est officiis nulla eius. Repellat possi', '961.452.3102x2338', 'mafalda.nicolas@example.com', 7357);
INSERT INTO `Transportistas` (`cuitTransportista`, `razonSocial`, `telefono`, `email`, `idDireccion`) VALUES (1, 'Et eos molestias et tenetur et molestiae. Et ', '08522277042', 'kberge@example.com', 55235799);
INSERT INTO `Transportistas` (`cuitTransportista`, `razonSocial`, `telefono`, `email`, `idDireccion`) VALUES (2, 'Atque rerum id sed perferendis commodi ipsa. ', '(750)828-7634x9199', 'garland.hamill@example.com', 3081);
INSERT INTO `Transportistas` (`cuitTransportista`, `razonSocial`, `telefono`, `email`, `idDireccion`) VALUES (3, 'Deleniti autem aut commodi enim voluptatum et', '229-045-6205x093', 'bradtke.garrett@example.com', 839);
INSERT INTO `Transportistas` (`cuitTransportista`, `razonSocial`, `telefono`, `email`, `idDireccion`) VALUES (4, 'Quos sit beatae voluptatibus dolores cupidita', '558.139.0919', 'ebrakus@example.org', 7397179);
INSERT INTO `Transportistas` (`cuitTransportista`, `razonSocial`, `telefono`, `email`, `idDireccion`) VALUES (6, 'Ratione incidunt quasi quas corrupti voluptat', '+38(0)5449735917', 'spencer.yessenia@example.com', 2759);
INSERT INTO `Transportistas` (`cuitTransportista`, `razonSocial`, `telefono`, `email`, `idDireccion`) VALUES (7, 'Quis distinctio vitae autem sint ratione temp', '147.391.6040x227', 'graham.josephine@example.org', 568);
INSERT INTO `Transportistas` (`cuitTransportista`, `razonSocial`, `telefono`, `email`, `idDireccion`) VALUES (8, 'Sit rerum minus minus. Qui est voluptas perfe', '188.330.6312x12405', 'enid90@example.com', 6);
INSERT INTO `Transportistas` (`cuitTransportista`, `razonSocial`, `telefono`, `email`, `idDireccion`) VALUES (9, 'Officiis rerum voluptatem qui enim. Rerum qui', '876.714.0522x333', 'kasandra80@example.net', 5586529);
INSERT INTO `Transportistas` (`cuitTransportista`, `razonSocial`, `telefono`, `email`, `idDireccion`) VALUES (22, 'Dignissimos sunt ex hic voluptas qui. Debitis', '055-855-1604', 'larson.ethan@example.net', 71);
INSERT INTO `Transportistas` (`cuitTransportista`, `razonSocial`, `telefono`, `email`, `idDireccion`) VALUES (25, 'Qui unde ea velit quibusdam. Et veniam incidu', '1-824-195-0629x9908', 'geovanni.macejkovic@example.org', 83063644);
INSERT INTO `Transportistas` (`cuitTransportista`, `razonSocial`, `telefono`, `email`, `idDireccion`) VALUES (29, 'Quas accusantium iste veritatis. Eveniet nihi', '1-666-593-6371', 'martin.hansen@example.org', 6773188);
INSERT INTO `Transportistas` (`cuitTransportista`, `razonSocial`, `telefono`, `email`, `idDireccion`) VALUES (30, 'Adipisci vero consequatur alias et sunt. Ad n', '(702)153-4581x783', 'ftowne@example.net', 42382);
INSERT INTO `Transportistas` (`cuitTransportista`, `razonSocial`, `telefono`, `email`, `idDireccion`) VALUES (32, 'Sit in harum est. Cupiditate magni eligendi v', '(908)815-4359', 'myrtle06@example.com', 42174054);
INSERT INTO `Transportistas` (`cuitTransportista`, `razonSocial`, `telefono`, `email`, `idDireccion`) VALUES (36, 'Quae voluptate velit ut facere autem consequa', '016.606.6246x703', 'ondricka.kacey@example.org', 322315834);
INSERT INTO `Transportistas` (`cuitTransportista`, `razonSocial`, `telefono`, `email`, `idDireccion`) VALUES (46, 'Impedit id sed doloribus sapiente culpa asper', '380-204-4308', 'hyatt.tomasa@example.com', 2253927);
INSERT INTO `Transportistas` (`cuitTransportista`, `razonSocial`, `telefono`, `email`, `idDireccion`) VALUES (50, 'Fuga sit qui omnis. Est mollitia et quae qui ', '(141)325-6611', 'ferry.lukas@example.com', 6840);
INSERT INTO `Transportistas` (`cuitTransportista`, `razonSocial`, `telefono`, `email`, `idDireccion`) VALUES (52, 'Vero totam harum cupiditate ut incidunt volup', '788.339.3456', 'hilll.palma@example.org', 834633);
INSERT INTO `Transportistas` (`cuitTransportista`, `razonSocial`, `telefono`, `email`, `idDireccion`) VALUES (54, 'Fuga et accusantium quod nam in nostrum. Odio', '(367)291-3442x9070', 'hilma08@example.net', 30);
INSERT INTO `Transportistas` (`cuitTransportista`, `razonSocial`, `telefono`, `email`, `idDireccion`) VALUES (56, 'Odio quam rem iure. Est consequatur minima vo', '826-237-6883', 'damian.o\'reilly@example.com', 325);
INSERT INTO `Transportistas` (`cuitTransportista`, `razonSocial`, `telefono`, `email`, `idDireccion`) VALUES (58, 'Qui est quae repellendus unde. Voluptate minu', '102.929.5823x1337', 'retta75@example.org', 3);
INSERT INTO `Transportistas` (`cuitTransportista`, `razonSocial`, `telefono`, `email`, `idDireccion`) VALUES (64, 'Dolorem maiores sed quaerat aspernatur libero', '(241)557-1020', 'zhaag@example.org', 954494363);
INSERT INTO `Transportistas` (`cuitTransportista`, `razonSocial`, `telefono`, `email`, `idDireccion`) VALUES (71, 'Dolorum ut aut tempore a accusamus occaecati.', '(457)217-7654x920', 'emiller@example.net', 250716752);
INSERT INTO `Transportistas` (`cuitTransportista`, `razonSocial`, `telefono`, `email`, `idDireccion`) VALUES (81, 'Non iste veritatis porro quia. Eum quia minim', '256.122.2750x3970', 'ccrona@example.com', 8445392);
INSERT INTO `Transportistas` (`cuitTransportista`, `razonSocial`, `telefono`, `email`, `idDireccion`) VALUES (257, 'Voluptatem dolor rerum assumenda est. Exceptu', '1-610-242-3359x3800', 'barton63@example.org', 870735037);
INSERT INTO `Transportistas` (`cuitTransportista`, `razonSocial`, `telefono`, `email`, `idDireccion`) VALUES (288, 'Rem nostrum quia dolorem voluptas. Quia conse', '+21(4)2247186649', 'schiller.stephania@example.net', 15);
INSERT INTO `Transportistas` (`cuitTransportista`, `razonSocial`, `telefono`, `email`, `idDireccion`) VALUES (298, 'Beatae rerum accusamus quis deserunt maiores ', '1-177-574-4549', 'jwill@example.net', 38677);
INSERT INTO `Transportistas` (`cuitTransportista`, `razonSocial`, `telefono`, `email`, `idDireccion`) VALUES (392, 'Alias et velit illum voluptas eum itaque. Id ', '1-147-695-4655x33269', 'mhermann@example.org', 70683500);
INSERT INTO `Transportistas` (`cuitTransportista`, `razonSocial`, `telefono`, `email`, `idDireccion`) VALUES (450, 'Saepe et modi quo nesciunt porro aut. Quia il', '(840)545-8470x58098', 'silas.ratke@example.com', 84);
INSERT INTO `Transportistas` (`cuitTransportista`, `razonSocial`, `telefono`, `email`, `idDireccion`) VALUES (454, 'In ut quam minima ea unde. Corrupti eos quo e', '089.359.9567x318', 'mdeckow@example.net', 115);
INSERT INTO `Transportistas` (`cuitTransportista`, `razonSocial`, `telefono`, `email`, `idDireccion`) VALUES (477, 'Nostrum et nihil reiciendis dolores fugit et ', '321-284-7998', 'gjerde@example.org', 697);
INSERT INTO `Transportistas` (`cuitTransportista`, `razonSocial`, `telefono`, `email`, `idDireccion`) VALUES (572, 'Illo laudantium provident expedita et recusan', '732.857.8052x0583', 'alek05@example.org', 771);
INSERT INTO `Transportistas` (`cuitTransportista`, `razonSocial`, `telefono`, `email`, `idDireccion`) VALUES (620, 'Repudiandae esse molestiae optio placeat eum.', '(228)275-4730x323', 'bradley.dickinson@example.net', 152854624);
INSERT INTO `Transportistas` (`cuitTransportista`, `razonSocial`, `telefono`, `email`, `idDireccion`) VALUES (641, 'Laudantium nemo vitae voluptatem consectetur ', '(524)155-0698x097', 'kendra.o\'keefe@example.net', 389086800);
INSERT INTO `Transportistas` (`cuitTransportista`, `razonSocial`, `telefono`, `email`, `idDireccion`) VALUES (679, 'Adipisci nesciunt cum consequatur ut ut quide', '+45(5)9211290325', 'brunolfsdottir@example.org', 911);
INSERT INTO `Transportistas` (`cuitTransportista`, `razonSocial`, `telefono`, `email`, `idDireccion`) VALUES (710, 'Dolor et et sed voluptatem labore autem repre', '365-185-4680', 'aquitzon@example.com', 342923);
INSERT INTO `Transportistas` (`cuitTransportista`, `razonSocial`, `telefono`, `email`, `idDireccion`) VALUES (811, 'Illo et molestiae rem sed minus quisquam ut. ', '281-497-3291x1272', 'cronin.edmund@example.org', 983);
INSERT INTO `Transportistas` (`cuitTransportista`, `razonSocial`, `telefono`, `email`, `idDireccion`) VALUES (914, 'Sed minima atque dolorem blanditiis consectet', '(100)256-5453x09922', 'otho33@example.com', 98496412);
INSERT INTO `Transportistas` (`cuitTransportista`, `razonSocial`, `telefono`, `email`, `idDireccion`) VALUES (1139, 'Sed non sequi est quo quibusdam. Perferendis ', '038-833-7613', 'joyce42@example.net', 60263);
INSERT INTO `Transportistas` (`cuitTransportista`, `razonSocial`, `telefono`, `email`, `idDireccion`) VALUES (1825, 'Occaecati eum ut aut eius aliquam et reprehen', '887.987.9208x23284', 'apredovic@example.net', 0);
INSERT INTO `Transportistas` (`cuitTransportista`, `razonSocial`, `telefono`, `email`, `idDireccion`) VALUES (3602, 'Exercitationem eos nobis enim quasi mollitia ', '850-883-0082', 'donald88@example.net', 72);
INSERT INTO `Transportistas` (`cuitTransportista`, `razonSocial`, `telefono`, `email`, `idDireccion`) VALUES (3926, 'Provident quae nam facere sint neque providen', '040-528-2855', 'rippin.anastasia@example.net', 5119);
INSERT INTO `Transportistas` (`cuitTransportista`, `razonSocial`, `telefono`, `email`, `idDireccion`) VALUES (5087, 'Quis dolorem sunt qui aut nam rem alias. Culp', '1-386-826-7143x94288', 'vsawayn@example.com', 392);
INSERT INTO `Transportistas` (`cuitTransportista`, `razonSocial`, `telefono`, `email`, `idDireccion`) VALUES (7879, 'Quisquam quidem sint cum et quis. Voluptatem ', '174-503-9454x45072', 'darrick10@example.org', 7);
INSERT INTO `Transportistas` (`cuitTransportista`, `razonSocial`, `telefono`, `email`, `idDireccion`) VALUES (8304, 'Corporis enim aut quasi enim perspiciatis eaq', '1-297-280-4963', 'orie.hoppe@example.com', 6287728);
INSERT INTO `Transportistas` (`cuitTransportista`, `razonSocial`, `telefono`, `email`, `idDireccion`) VALUES (8998, 'Ipsa aut eius veritatis hic perspiciatis. Ali', '876.753.0097x0508', 'merle41@example.com', 8444332);
INSERT INTO `Transportistas` (`cuitTransportista`, `razonSocial`, `telefono`, `email`, `idDireccion`) VALUES (9067, 'Ipsa occaecati ducimus ut qui qui incidunt. I', '843.394.6113x5742', 'xgislason@example.com', 826583);
INSERT INTO `Transportistas` (`cuitTransportista`, `razonSocial`, `telefono`, `email`, `idDireccion`) VALUES (20844, 'Optio omnis eos sequi modi aliquam nulla quas', '134-267-8304', 'prohaska.camron@example.com', 91759207);
INSERT INTO `Transportistas` (`cuitTransportista`, `razonSocial`, `telefono`, `email`, `idDireccion`) VALUES (28004, 'Sint asperiores libero unde eligendi. Quos oc', '183.537.9449', 'helene.skiles@example.org', 77327256);
INSERT INTO `Transportistas` (`cuitTransportista`, `razonSocial`, `telefono`, `email`, `idDireccion`) VALUES (58255, 'Aut non quae esse fugit et. Aliquam recusanda', '646-605-8261', 'bailee64@example.com', 974000);
INSERT INTO `Transportistas` (`cuitTransportista`, `razonSocial`, `telefono`, `email`, `idDireccion`) VALUES (66115, 'Autem iure sapiente veniam iure quibusdam dol', '1-993-809-2534', 'fanny88@example.net', 932414);
INSERT INTO `Transportistas` (`cuitTransportista`, `razonSocial`, `telefono`, `email`, `idDireccion`) VALUES (68903, 'Nemo quia sint aut explicabo deleniti. Nisi e', '311-555-1526x82966', 'fahey.horace@example.com', 421);
INSERT INTO `Transportistas` (`cuitTransportista`, `razonSocial`, `telefono`, `email`, `idDireccion`) VALUES (75555, 'Suscipit porro molestiae voluptatum est perfe', '(268)375-8720', 'clementina70@example.net', 679396732);
INSERT INTO `Transportistas` (`cuitTransportista`, `razonSocial`, `telefono`, `email`, `idDireccion`) VALUES (92212, 'Earum quia eos non in aspernatur. Ex quos dol', '1-881-626-7632x705', 'easton31@example.org', 362757);
INSERT INTO `Transportistas` (`cuitTransportista`, `razonSocial`, `telefono`, `email`, `idDireccion`) VALUES (93647, 'Culpa ea eos praesentium possimus fuga harum.', '674.563.1388x560', 'jamir.hegmann@example.net', 2244);
INSERT INTO `Transportistas` (`cuitTransportista`, `razonSocial`, `telefono`, `email`, `idDireccion`) VALUES (99752, 'Dolorem eveniet consequuntur magni vitae in u', '322-165-7823', 'haskell.carter@example.com', 852);
INSERT INTO `Transportistas` (`cuitTransportista`, `razonSocial`, `telefono`, `email`, `idDireccion`) VALUES (139020, 'Itaque et earum assumenda odio distinctio. Mo', '812.048.8425', 'brandt.corkery@example.com', 507493879);
INSERT INTO `Transportistas` (`cuitTransportista`, `razonSocial`, `telefono`, `email`, `idDireccion`) VALUES (218705, 'Placeat reiciendis quaerat ex debitis ipsum f', '+26(2)7659948699', 'doyle.carissa@example.com', 26658);
INSERT INTO `Transportistas` (`cuitTransportista`, `razonSocial`, `telefono`, `email`, `idDireccion`) VALUES (257738, 'Cupiditate quia unde tenetur consectetur reru', '331-895-9426x7821', 'kiana62@example.com', 1);
INSERT INTO `Transportistas` (`cuitTransportista`, `razonSocial`, `telefono`, `email`, `idDireccion`) VALUES (402218, 'Et minima similique repellendus ad et. Cum es', '06039512300', 'arjun.wiza@example.com', 722);
INSERT INTO `Transportistas` (`cuitTransportista`, `razonSocial`, `telefono`, `email`, `idDireccion`) VALUES (468699, 'Sunt consequatur asperiores sint quis et. Qui', '072.832.6326', 'brice.stracke@example.net', 368204936);
INSERT INTO `Transportistas` (`cuitTransportista`, `razonSocial`, `telefono`, `email`, `idDireccion`) VALUES (510384, 'Dolor quia et ea incidunt dolor quod. Et corr', '077.040.1295x1425', 'rmaggio@example.org', 9443);
INSERT INTO `Transportistas` (`cuitTransportista`, `razonSocial`, `telefono`, `email`, `idDireccion`) VALUES (556878, 'Ullam soluta fugiat ut provident et et laboru', '353.350.2520', 'tillman.abdullah@example.org', 823235079);
INSERT INTO `Transportistas` (`cuitTransportista`, `razonSocial`, `telefono`, `email`, `idDireccion`) VALUES (808469, 'Id illum recusandae reprehenderit quae est es', '(319)074-7492x0063', 'conor87@example.org', 628242464);
INSERT INTO `Transportistas` (`cuitTransportista`, `razonSocial`, `telefono`, `email`, `idDireccion`) VALUES (917477, 'Beatae ut eligendi fuga et. Omnis et deserunt', '(427)697-9436x9542', 'karli53@example.com', 46187064);
INSERT INTO `Transportistas` (`cuitTransportista`, `razonSocial`, `telefono`, `email`, `idDireccion`) VALUES (978958, 'Eum velit aut non et odio vero. Neque quis ad', '1-147-501-5143x31041', 'carlotta80@example.net', 168527412);
INSERT INTO `Transportistas` (`cuitTransportista`, `razonSocial`, `telefono`, `email`, `idDireccion`) VALUES (979564, 'Corrupti velit autem et velit. Beatae perspic', '643.401.3228x0346', 'ahaag@example.org', 22);
INSERT INTO `Transportistas` (`cuitTransportista`, `razonSocial`, `telefono`, `email`, `idDireccion`) VALUES (1010375, 'Cum deleniti qui et occaecati quibusdam culpa', '(350)033-0946x07707', 'grimes.itzel@example.net', 974675977);
INSERT INTO `Transportistas` (`cuitTransportista`, `razonSocial`, `telefono`, `email`, `idDireccion`) VALUES (1549423, 'Harum earum deserunt omnis. Accusantium deser', '(102)810-6192x665', 'margarita39@example.com', 5786527);
INSERT INTO `Transportistas` (`cuitTransportista`, `razonSocial`, `telefono`, `email`, `idDireccion`) VALUES (2688149, 'Omnis et quas ut sit reiciendis. Eum aut volu', '(065)962-1561', 'everette55@example.org', 184073186);
INSERT INTO `Transportistas` (`cuitTransportista`, `razonSocial`, `telefono`, `email`, `idDireccion`) VALUES (3551084, 'Voluptas ut qui quia maxime. Quas molestiae v', '1-875-890-5489x06044', 'bins.guy@example.net', 23144);
INSERT INTO `Transportistas` (`cuitTransportista`, `razonSocial`, `telefono`, `email`, `idDireccion`) VALUES (4516138, 'Id molestias hic perspiciatis ea omnis vero e', '(918)707-1399x11792', 'lacy.hodkiewicz@example.net', 8);
INSERT INTO `Transportistas` (`cuitTransportista`, `razonSocial`, `telefono`, `email`, `idDireccion`) VALUES (4836144, 'Nihil a error et quis. Distinctio quasi dolor', '02365112464', 'karina38@example.org', 36623832);
INSERT INTO `Transportistas` (`cuitTransportista`, `razonSocial`, `telefono`, `email`, `idDireccion`) VALUES (5623996, 'Amet ea sunt nihil odio occaecati et. Explica', '(702)509-9562x660', 'thompson.walter@example.org', 4363);
INSERT INTO `Transportistas` (`cuitTransportista`, `razonSocial`, `telefono`, `email`, `idDireccion`) VALUES (6043058, 'Accusamus et quo ad nihil. Qui iure voluptate', '038.020.3304', 'frances82@example.com', 40);
INSERT INTO `Transportistas` (`cuitTransportista`, `razonSocial`, `telefono`, `email`, `idDireccion`) VALUES (6442982, 'Sint est consequatur eligendi voluptas volupt', '741-674-9783x31683', 'jmurphy@example.com', 13);
INSERT INTO `Transportistas` (`cuitTransportista`, `razonSocial`, `telefono`, `email`, `idDireccion`) VALUES (6582241, 'Ut tempore assumenda sequi iusto laboriosam i', '540.629.9696x301', 'glover.ava@example.net', 9327);
INSERT INTO `Transportistas` (`cuitTransportista`, `razonSocial`, `telefono`, `email`, `idDireccion`) VALUES (6766157, 'Maiores et rerum ex molestiae cupiditate amet', '919.913.3218x51659', 'eladio.wunsch@example.com', 60928);
INSERT INTO `Transportistas` (`cuitTransportista`, `razonSocial`, `telefono`, `email`, `idDireccion`) VALUES (7015772, 'Expedita enim modi molestias. Sint repellendu', '492.719.5299x3404', 'jaquan.becker@example.org', 59690);
INSERT INTO `Transportistas` (`cuitTransportista`, `razonSocial`, `telefono`, `email`, `idDireccion`) VALUES (8047367, 'Qui eveniet distinctio a. Ratione placeat con', '695-985-9121x00916', 'bartoletti.winnifred@example.org', 11388);
INSERT INTO `Transportistas` (`cuitTransportista`, `razonSocial`, `telefono`, `email`, `idDireccion`) VALUES (8321652, 'Sequi illo quod error facilis. Tenetur dolori', '+37(2)8179217889', 'mathilde.weimann@example.net', 650);
INSERT INTO `Transportistas` (`cuitTransportista`, `razonSocial`, `telefono`, `email`, `idDireccion`) VALUES (8335936, 'Nostrum eveniet dignissimos quas sed incidunt', '544.311.8054x62664', 'roberto.hermann@example.com', 11729);
INSERT INTO `Transportistas` (`cuitTransportista`, `razonSocial`, `telefono`, `email`, `idDireccion`) VALUES (8562685, 'Non eum accusamus voluptatibus vel sit soluta', '(850)929-3129', 'okilback@example.org', 761440);
INSERT INTO `Transportistas` (`cuitTransportista`, `razonSocial`, `telefono`, `email`, `idDireccion`) VALUES (9048782, 'Eaque dicta nulla molestias provident nulla i', '557-951-0117x63593', 'stroman.gianni@example.org', 233);
INSERT INTO `Transportistas` (`cuitTransportista`, `razonSocial`, `telefono`, `email`, `idDireccion`) VALUES (9613014, 'Ea sunt animi ea sed voluptatem. Molestiae au', '1-616-211-3865x8426', 'raynor.frederick@example.org', 3635);
INSERT INTO `Transportistas` (`cuitTransportista`, `razonSocial`, `telefono`, `email`, `idDireccion`) VALUES (9829327, 'Voluptatibus maxime quo ab quo. Quidem unde v', '(825)364-4665x11956', 'elvis01@example.org', 1278862);
INSERT INTO `Transportistas` (`cuitTransportista`, `razonSocial`, `telefono`, `email`, `idDireccion`) VALUES (31885346, 'Adipisci sit facilis praesentium voluptatem c', '1-931-669-4374', 'krajcik.aliyah@example.org', 2228);
INSERT INTO `Transportistas` (`cuitTransportista`, `razonSocial`, `telefono`, `email`, `idDireccion`) VALUES (39713004, 'Quaerat non sit occaecati quia recusandae id ', '(369)225-3074x366', 'kennith48@example.net', 2974928);
INSERT INTO `Transportistas` (`cuitTransportista`, `razonSocial`, `telefono`, `email`, `idDireccion`) VALUES (42413786, 'Magnam cumque cupiditate nemo aut tempore. Ut', '(088)817-0579x1026', 'turcotte.wanda@example.com', 653609);
INSERT INTO `Transportistas` (`cuitTransportista`, `razonSocial`, `telefono`, `email`, `idDireccion`) VALUES (57870897, 'Voluptas saepe fuga et qui fuga quibusdam nat', '980.855.1192', 'krobel@example.net', 42);
INSERT INTO `Transportistas` (`cuitTransportista`, `razonSocial`, `telefono`, `email`, `idDireccion`) VALUES (69391858, 'Consectetur quia enim officia. Ab animi bland', '413-370-8240x796', 'misael81@example.com', 86050938);
INSERT INTO `Transportistas` (`cuitTransportista`, `razonSocial`, `telefono`, `email`, `idDireccion`) VALUES (80460593, 'Cupiditate non id ducimus necessitatibus et. ', '964.419.6530', 'abe51@example.com', 8118);
INSERT INTO `Transportistas` (`cuitTransportista`, `razonSocial`, `telefono`, `email`, `idDireccion`) VALUES (85817761, 'Corrupti ullam dolores in minus. Similique re', '(076)499-2110x0362', 'raynor.lyda@example.net', 67);
INSERT INTO `Transportistas` (`cuitTransportista`, `razonSocial`, `telefono`, `email`, `idDireccion`) VALUES (90961481, 'Sed amet dolor corporis rerum nihil. Est quis', '(414)537-1682', 'leonard14@example.net', 93061862);
INSERT INTO `Transportistas` (`cuitTransportista`, `razonSocial`, `telefono`, `email`, `idDireccion`) VALUES (143109307, 'Voluptatem facilis reiciendis illum placeat v', '1-142-188-7860', 'romaine31@example.net', 681390038);
INSERT INTO `Transportistas` (`cuitTransportista`, `razonSocial`, `telefono`, `email`, `idDireccion`) VALUES (297312697, 'Mollitia ea ipsum ut recusandae vitae qui eni', '08539850455', 'pconnelly@example.org', 36634157);
INSERT INTO `Transportistas` (`cuitTransportista`, `razonSocial`, `telefono`, `email`, `idDireccion`) VALUES (324548800, 'Sint rerum placeat ut qui. Ut natus rerum nih', '(440)060-5090x272', 'dallas46@example.com', 419);
INSERT INTO `Transportistas` (`cuitTransportista`, `razonSocial`, `telefono`, `email`, `idDireccion`) VALUES (411205311, 'Ea dolor aut est qui. Et eos atque ratione ex', '1-732-283-3956x371', 'dare.wilfred@example.com', 982275);
INSERT INTO `Transportistas` (`cuitTransportista`, `razonSocial`, `telefono`, `email`, `idDireccion`) VALUES (633332825, 'Similique veniam perspiciatis ad architecto v', '411.011.8295x53471', 'lilliana.jast@example.org', 3887975);
INSERT INTO `Transportistas` (`cuitTransportista`, `razonSocial`, `telefono`, `email`, `idDireccion`) VALUES (784045103, 'Cum vel consectetur hic accusantium. Quibusda', '560.529.2203x18825', 'layla89@example.net', 23518);



INSERT INTO `CiudadesTransportista` (`cuitTransportista`, `codigoPostal`) VALUES (0, 174);
INSERT INTO `CiudadesTransportista` (`cuitTransportista`, `codigoPostal`) VALUES (1, 1296);
INSERT INTO `CiudadesTransportista` (`cuitTransportista`, `codigoPostal`) VALUES (2, 2557);
INSERT INTO `CiudadesTransportista` (`cuitTransportista`, `codigoPostal`) VALUES (3, 2956);
INSERT INTO `CiudadesTransportista` (`cuitTransportista`, `codigoPostal`) VALUES (4, 3583);
INSERT INTO `CiudadesTransportista` (`cuitTransportista`, `codigoPostal`) VALUES (6, 7829);
INSERT INTO `CiudadesTransportista` (`cuitTransportista`, `codigoPostal`) VALUES (7, 9986);
INSERT INTO `CiudadesTransportista` (`cuitTransportista`, `codigoPostal`) VALUES (8, 11124);
INSERT INTO `CiudadesTransportista` (`cuitTransportista`, `codigoPostal`) VALUES (9, 11583);
INSERT INTO `CiudadesTransportista` (`cuitTransportista`, `codigoPostal`) VALUES (22, 11618);
INSERT INTO `CiudadesTransportista` (`cuitTransportista`, `codigoPostal`) VALUES (25, 14724);
INSERT INTO `CiudadesTransportista` (`cuitTransportista`, `codigoPostal`) VALUES (29, 14877);
INSERT INTO `CiudadesTransportista` (`cuitTransportista`, `codigoPostal`) VALUES (30, 15648);
INSERT INTO `CiudadesTransportista` (`cuitTransportista`, `codigoPostal`) VALUES (32, 17678);
INSERT INTO `CiudadesTransportista` (`cuitTransportista`, `codigoPostal`) VALUES (36, 18396);
INSERT INTO `CiudadesTransportista` (`cuitTransportista`, `codigoPostal`) VALUES (46, 19586);
INSERT INTO `CiudadesTransportista` (`cuitTransportista`, `codigoPostal`) VALUES (50, 20777);
INSERT INTO `CiudadesTransportista` (`cuitTransportista`, `codigoPostal`) VALUES (52, 22964);
INSERT INTO `CiudadesTransportista` (`cuitTransportista`, `codigoPostal`) VALUES (54, 23172);
INSERT INTO `CiudadesTransportista` (`cuitTransportista`, `codigoPostal`) VALUES (56, 23746);
INSERT INTO `CiudadesTransportista` (`cuitTransportista`, `codigoPostal`) VALUES (58, 24216);
INSERT INTO `CiudadesTransportista` (`cuitTransportista`, `codigoPostal`) VALUES (64, 24725);
INSERT INTO `CiudadesTransportista` (`cuitTransportista`, `codigoPostal`) VALUES (71, 25815);
INSERT INTO `CiudadesTransportista` (`cuitTransportista`, `codigoPostal`) VALUES (81, 28644);
INSERT INTO `CiudadesTransportista` (`cuitTransportista`, `codigoPostal`) VALUES (257, 29493);
INSERT INTO `CiudadesTransportista` (`cuitTransportista`, `codigoPostal`) VALUES (288, 29635);
INSERT INTO `CiudadesTransportista` (`cuitTransportista`, `codigoPostal`) VALUES (298, 30566);
INSERT INTO `CiudadesTransportista` (`cuitTransportista`, `codigoPostal`) VALUES (392, 30974);
INSERT INTO `CiudadesTransportista` (`cuitTransportista`, `codigoPostal`) VALUES (450, 31418);
INSERT INTO `CiudadesTransportista` (`cuitTransportista`, `codigoPostal`) VALUES (454, 31642);
INSERT INTO `CiudadesTransportista` (`cuitTransportista`, `codigoPostal`) VALUES (477, 33620);
INSERT INTO `CiudadesTransportista` (`cuitTransportista`, `codigoPostal`) VALUES (572, 33679);
INSERT INTO `CiudadesTransportista` (`cuitTransportista`, `codigoPostal`) VALUES (620, 34303);
INSERT INTO `CiudadesTransportista` (`cuitTransportista`, `codigoPostal`) VALUES (641, 35541);
INSERT INTO `CiudadesTransportista` (`cuitTransportista`, `codigoPostal`) VALUES (679, 35841);
INSERT INTO `CiudadesTransportista` (`cuitTransportista`, `codigoPostal`) VALUES (710, 36052);
INSERT INTO `CiudadesTransportista` (`cuitTransportista`, `codigoPostal`) VALUES (811, 37772);
INSERT INTO `CiudadesTransportista` (`cuitTransportista`, `codigoPostal`) VALUES (914, 38290);
INSERT INTO `CiudadesTransportista` (`cuitTransportista`, `codigoPostal`) VALUES (1139, 40075);
INSERT INTO `CiudadesTransportista` (`cuitTransportista`, `codigoPostal`) VALUES (1825, 44129);
INSERT INTO `CiudadesTransportista` (`cuitTransportista`, `codigoPostal`) VALUES (3602, 44205);
INSERT INTO `CiudadesTransportista` (`cuitTransportista`, `codigoPostal`) VALUES (3926, 44516);
INSERT INTO `CiudadesTransportista` (`cuitTransportista`, `codigoPostal`) VALUES (5087, 45952);
INSERT INTO `CiudadesTransportista` (`cuitTransportista`, `codigoPostal`) VALUES (7879, 46883);
INSERT INTO `CiudadesTransportista` (`cuitTransportista`, `codigoPostal`) VALUES (8304, 48065);
INSERT INTO `CiudadesTransportista` (`cuitTransportista`, `codigoPostal`) VALUES (8998, 48699);
INSERT INTO `CiudadesTransportista` (`cuitTransportista`, `codigoPostal`) VALUES (9067, 49740);
INSERT INTO `CiudadesTransportista` (`cuitTransportista`, `codigoPostal`) VALUES (20844, 49860);
INSERT INTO `CiudadesTransportista` (`cuitTransportista`, `codigoPostal`) VALUES (28004, 50650);
INSERT INTO `CiudadesTransportista` (`cuitTransportista`, `codigoPostal`) VALUES (58255, 50896);
INSERT INTO `CiudadesTransportista` (`cuitTransportista`, `codigoPostal`) VALUES (66115, 51735);
INSERT INTO `CiudadesTransportista` (`cuitTransportista`, `codigoPostal`) VALUES (68903, 52077);
INSERT INTO `CiudadesTransportista` (`cuitTransportista`, `codigoPostal`) VALUES (75555, 52488);
INSERT INTO `CiudadesTransportista` (`cuitTransportista`, `codigoPostal`) VALUES (92212, 52525);
INSERT INTO `CiudadesTransportista` (`cuitTransportista`, `codigoPostal`) VALUES (93647, 53032);
INSERT INTO `CiudadesTransportista` (`cuitTransportista`, `codigoPostal`) VALUES (99752, 54496);
INSERT INTO `CiudadesTransportista` (`cuitTransportista`, `codigoPostal`) VALUES (139020, 55471);
INSERT INTO `CiudadesTransportista` (`cuitTransportista`, `codigoPostal`) VALUES (218705, 55658);
INSERT INTO `CiudadesTransportista` (`cuitTransportista`, `codigoPostal`) VALUES (257738, 55858);
INSERT INTO `CiudadesTransportista` (`cuitTransportista`, `codigoPostal`) VALUES (402218, 57642);
INSERT INTO `CiudadesTransportista` (`cuitTransportista`, `codigoPostal`) VALUES (468699, 57869);
INSERT INTO `CiudadesTransportista` (`cuitTransportista`, `codigoPostal`) VALUES (510384, 58691);
INSERT INTO `CiudadesTransportista` (`cuitTransportista`, `codigoPostal`) VALUES (556878, 60106);
INSERT INTO `CiudadesTransportista` (`cuitTransportista`, `codigoPostal`) VALUES (808469, 62236);
INSERT INTO `CiudadesTransportista` (`cuitTransportista`, `codigoPostal`) VALUES (917477, 64461);
INSERT INTO `CiudadesTransportista` (`cuitTransportista`, `codigoPostal`) VALUES (978958, 66907);
INSERT INTO `CiudadesTransportista` (`cuitTransportista`, `codigoPostal`) VALUES (979564, 70580);
INSERT INTO `CiudadesTransportista` (`cuitTransportista`, `codigoPostal`) VALUES (1010375, 71062);
INSERT INTO `CiudadesTransportista` (`cuitTransportista`, `codigoPostal`) VALUES (1549423, 71273);
INSERT INTO `CiudadesTransportista` (`cuitTransportista`, `codigoPostal`) VALUES (2688149, 73729);
INSERT INTO `CiudadesTransportista` (`cuitTransportista`, `codigoPostal`) VALUES (3551084, 73916);
INSERT INTO `CiudadesTransportista` (`cuitTransportista`, `codigoPostal`) VALUES (4516138, 77002);
INSERT INTO `CiudadesTransportista` (`cuitTransportista`, `codigoPostal`) VALUES (4836144, 77099);
INSERT INTO `CiudadesTransportista` (`cuitTransportista`, `codigoPostal`) VALUES (5623996, 77193);
INSERT INTO `CiudadesTransportista` (`cuitTransportista`, `codigoPostal`) VALUES (6043058, 77347);
INSERT INTO `CiudadesTransportista` (`cuitTransportista`, `codigoPostal`) VALUES (6442982, 78246);
INSERT INTO `CiudadesTransportista` (`cuitTransportista`, `codigoPostal`) VALUES (6582241, 79640);
INSERT INTO `CiudadesTransportista` (`cuitTransportista`, `codigoPostal`) VALUES (6766157, 83059);
INSERT INTO `CiudadesTransportista` (`cuitTransportista`, `codigoPostal`) VALUES (7015772, 84399);
INSERT INTO `CiudadesTransportista` (`cuitTransportista`, `codigoPostal`) VALUES (8047367, 84590);
INSERT INTO `CiudadesTransportista` (`cuitTransportista`, `codigoPostal`) VALUES (8321652, 85148);
INSERT INTO `CiudadesTransportista` (`cuitTransportista`, `codigoPostal`) VALUES (8335936, 86273);
INSERT INTO `CiudadesTransportista` (`cuitTransportista`, `codigoPostal`) VALUES (8562685, 88508);
INSERT INTO `CiudadesTransportista` (`cuitTransportista`, `codigoPostal`) VALUES (9048782, 89091);
INSERT INTO `CiudadesTransportista` (`cuitTransportista`, `codigoPostal`) VALUES (9613014, 91258);
INSERT INTO `CiudadesTransportista` (`cuitTransportista`, `codigoPostal`) VALUES (9829327, 91299);
INSERT INTO `CiudadesTransportista` (`cuitTransportista`, `codigoPostal`) VALUES (31885346, 92186);
INSERT INTO `CiudadesTransportista` (`cuitTransportista`, `codigoPostal`) VALUES (39713004, 93023);
INSERT INTO `CiudadesTransportista` (`cuitTransportista`, `codigoPostal`) VALUES (42413786, 94185);
INSERT INTO `CiudadesTransportista` (`cuitTransportista`, `codigoPostal`) VALUES (57870897, 94661);
INSERT INTO `CiudadesTransportista` (`cuitTransportista`, `codigoPostal`) VALUES (69391858, 94681);
INSERT INTO `CiudadesTransportista` (`cuitTransportista`, `codigoPostal`) VALUES (80460593, 94758);
INSERT INTO `CiudadesTransportista` (`cuitTransportista`, `codigoPostal`) VALUES (85817761, 94915);
INSERT INTO `CiudadesTransportista` (`cuitTransportista`, `codigoPostal`) VALUES (90961481, 96275);
INSERT INTO `CiudadesTransportista` (`cuitTransportista`, `codigoPostal`) VALUES (143109307, 96821);
INSERT INTO `CiudadesTransportista` (`cuitTransportista`, `codigoPostal`) VALUES (297312697, 96956);
INSERT INTO `CiudadesTransportista` (`cuitTransportista`, `codigoPostal`) VALUES (324548800, 97093);
INSERT INTO `CiudadesTransportista` (`cuitTransportista`, `codigoPostal`) VALUES (411205311, 97244);
INSERT INTO `CiudadesTransportista` (`cuitTransportista`, `codigoPostal`) VALUES (633332825, 97366);
INSERT INTO `CiudadesTransportista` (`cuitTransportista`, `codigoPostal`) VALUES (784045103, 98169);

INSERT INTO `Farmacia` (`idFarmacia`, `idDireccion`) VALUES (9, 0);
INSERT INTO `Farmacia` (`idFarmacia`, `idDireccion`) VALUES (71849761, 1);
INSERT INTO `Farmacia` (`idFarmacia`, `idDireccion`) VALUES (224301, 3);
INSERT INTO `Farmacia` (`idFarmacia`, `idDireccion`) VALUES (0, 6);
INSERT INTO `Farmacia` (`idFarmacia`, `idDireccion`) VALUES (669, 7);
INSERT INTO `Farmacia` (`idFarmacia`, `idDireccion`) VALUES (113183626, 8);
INSERT INTO `Farmacia` (`idFarmacia`, `idDireccion`) VALUES (142, 13);
INSERT INTO `Farmacia` (`idFarmacia`, `idDireccion`) VALUES (928883243, 15);
INSERT INTO `Farmacia` (`idFarmacia`, `idDireccion`) VALUES (1568, 22);
INSERT INTO `Farmacia` (`idFarmacia`, `idDireccion`) VALUES (45181724, 30);
INSERT INTO `Farmacia` (`idFarmacia`, `idDireccion`) VALUES (501972, 40);
INSERT INTO `Farmacia` (`idFarmacia`, `idDireccion`) VALUES (25, 42);
INSERT INTO `Farmacia` (`idFarmacia`, `idDireccion`) VALUES (263, 67);
INSERT INTO `Farmacia` (`idFarmacia`, `idDireccion`) VALUES (89277827, 71);
INSERT INTO `Farmacia` (`idFarmacia`, `idDireccion`) VALUES (334122329, 72);
INSERT INTO `Farmacia` (`idFarmacia`, `idDireccion`) VALUES (5885, 84);
INSERT INTO `Farmacia` (`idFarmacia`, `idDireccion`) VALUES (797948, 115);
INSERT INTO `Farmacia` (`idFarmacia`, `idDireccion`) VALUES (6, 233);
INSERT INTO `Farmacia` (`idFarmacia`, `idDireccion`) VALUES (475089, 325);
INSERT INTO `Farmacia` (`idFarmacia`, `idDireccion`) VALUES (544803123, 392);
INSERT INTO `Farmacia` (`idFarmacia`, `idDireccion`) VALUES (49923, 419);
INSERT INTO `Farmacia` (`idFarmacia`, `idDireccion`) VALUES (390, 421);
INSERT INTO `Farmacia` (`idFarmacia`, `idDireccion`) VALUES (7, 568);
INSERT INTO `Farmacia` (`idFarmacia`, `idDireccion`) VALUES (4, 650);
INSERT INTO `Farmacia` (`idFarmacia`, `idDireccion`) VALUES (4090344, 697);
INSERT INTO `Farmacia` (`idFarmacia`, `idDireccion`) VALUES (91956252, 722);
INSERT INTO `Farmacia` (`idFarmacia`, `idDireccion`) VALUES (65466, 771);
INSERT INTO `Farmacia` (`idFarmacia`, `idDireccion`) VALUES (242, 839);
INSERT INTO `Farmacia` (`idFarmacia`, `idDireccion`) VALUES (632, 852);
INSERT INTO `Farmacia` (`idFarmacia`, `idDireccion`) VALUES (99, 911);
INSERT INTO `Farmacia` (`idFarmacia`, `idDireccion`) VALUES (7983, 983);
INSERT INTO `Farmacia` (`idFarmacia`, `idDireccion`) VALUES (8910, 2228);
INSERT INTO `Farmacia` (`idFarmacia`, `idDireccion`) VALUES (91319237, 2244);
INSERT INTO `Farmacia` (`idFarmacia`, `idDireccion`) VALUES (9789, 2759);
INSERT INTO `Farmacia` (`idFarmacia`, `idDireccion`) VALUES (50, 3081);
INSERT INTO `Farmacia` (`idFarmacia`, `idDireccion`) VALUES (791379, 3635);
INSERT INTO `Farmacia` (`idFarmacia`, `idDireccion`) VALUES (910, 4363);
INSERT INTO `Farmacia` (`idFarmacia`, `idDireccion`) VALUES (783, 5119);
INSERT INTO `Farmacia` (`idFarmacia`, `idDireccion`) VALUES (82881, 6840);
INSERT INTO `Farmacia` (`idFarmacia`, `idDireccion`) VALUES (1589, 7357);
INSERT INTO `Farmacia` (`idFarmacia`, `idDireccion`) VALUES (2, 8118);
INSERT INTO `Farmacia` (`idFarmacia`, `idDireccion`) VALUES (8412269, 9327);
INSERT INTO `Farmacia` (`idFarmacia`, `idDireccion`) VALUES (928038233, 9443);
INSERT INTO `Farmacia` (`idFarmacia`, `idDireccion`) VALUES (67, 11388);
INSERT INTO `Farmacia` (`idFarmacia`, `idDireccion`) VALUES (172, 11729);
INSERT INTO `Farmacia` (`idFarmacia`, `idDireccion`) VALUES (54, 23144);
INSERT INTO `Farmacia` (`idFarmacia`, `idDireccion`) VALUES (704928, 23518);
INSERT INTO `Farmacia` (`idFarmacia`, `idDireccion`) VALUES (637036, 26658);
INSERT INTO `Farmacia` (`idFarmacia`, `idDireccion`) VALUES (522, 38677);
INSERT INTO `Farmacia` (`idFarmacia`, `idDireccion`) VALUES (68782418, 42382);
INSERT INTO `Farmacia` (`idFarmacia`, `idDireccion`) VALUES (738940438, 59690);
INSERT INTO `Farmacia` (`idFarmacia`, `idDireccion`) VALUES (507, 60263);
INSERT INTO `Farmacia` (`idFarmacia`, `idDireccion`) VALUES (893638799, 60928);
INSERT INTO `Farmacia` (`idFarmacia`, `idDireccion`) VALUES (554, 342923);
INSERT INTO `Farmacia` (`idFarmacia`, `idDireccion`) VALUES (6935778, 362757);
INSERT INTO `Farmacia` (`idFarmacia`, `idDireccion`) VALUES (31911323, 653609);
INSERT INTO `Farmacia` (`idFarmacia`, `idDireccion`) VALUES (7578, 761440);
INSERT INTO `Farmacia` (`idFarmacia`, `idDireccion`) VALUES (6664, 826583);
INSERT INTO `Farmacia` (`idFarmacia`, `idDireccion`) VALUES (844, 834633);
INSERT INTO `Farmacia` (`idFarmacia`, `idDireccion`) VALUES (41892307, 932414);
INSERT INTO `Farmacia` (`idFarmacia`, `idDireccion`) VALUES (397, 974000);
INSERT INTO `Farmacia` (`idFarmacia`, `idDireccion`) VALUES (626360692, 982275);
INSERT INTO `Farmacia` (`idFarmacia`, `idDireccion`) VALUES (34079716, 1278862);
INSERT INTO `Farmacia` (`idFarmacia`, `idDireccion`) VALUES (26, 2253927);
INSERT INTO `Farmacia` (`idFarmacia`, `idDireccion`) VALUES (110, 2974928);
INSERT INTO `Farmacia` (`idFarmacia`, `idDireccion`) VALUES (628076, 3887975);
INSERT INTO `Farmacia` (`idFarmacia`, `idDireccion`) VALUES (1, 5586529);
INSERT INTO `Farmacia` (`idFarmacia`, `idDireccion`) VALUES (570, 5786527);
INSERT INTO `Farmacia` (`idFarmacia`, `idDireccion`) VALUES (82, 6287728);
INSERT INTO `Farmacia` (`idFarmacia`, `idDireccion`) VALUES (3, 6773188);
INSERT INTO `Farmacia` (`idFarmacia`, `idDireccion`) VALUES (57, 7397179);
INSERT INTO `Farmacia` (`idFarmacia`, `idDireccion`) VALUES (63504038, 8444332);
INSERT INTO `Farmacia` (`idFarmacia`, `idDireccion`) VALUES (77057, 8445392);
INSERT INTO `Farmacia` (`idFarmacia`, `idDireccion`) VALUES (528849, 36623832);
INSERT INTO `Farmacia` (`idFarmacia`, `idDireccion`) VALUES (579270, 36634157);
INSERT INTO `Farmacia` (`idFarmacia`, `idDireccion`) VALUES (5916, 42174054);
INSERT INTO `Farmacia` (`idFarmacia`, `idDireccion`) VALUES (2489699, 46187064);
INSERT INTO `Farmacia` (`idFarmacia`, `idDireccion`) VALUES (4446020, 55235799);
INSERT INTO `Farmacia` (`idFarmacia`, `idDireccion`) VALUES (8, 70683500);
INSERT INTO `Farmacia` (`idFarmacia`, `idDireccion`) VALUES (407, 77327256);
INSERT INTO `Farmacia` (`idFarmacia`, `idDireccion`) VALUES (26683, 83063644);
INSERT INTO `Farmacia` (`idFarmacia`, `idDireccion`) VALUES (13841016, 86050938);
INSERT INTO `Farmacia` (`idFarmacia`, `idDireccion`) VALUES (894790412, 91759207);
INSERT INTO `Farmacia` (`idFarmacia`, `idDireccion`) VALUES (95, 93061862);
INSERT INTO `Farmacia` (`idFarmacia`, `idDireccion`) VALUES (837, 98496412);
INSERT INTO `Farmacia` (`idFarmacia`, `idDireccion`) VALUES (5775863, 152854624);
INSERT INTO `Farmacia` (`idFarmacia`, `idDireccion`) VALUES (943, 168527412);
INSERT INTO `Farmacia` (`idFarmacia`, `idDireccion`) VALUES (11, 184073186);
INSERT INTO `Farmacia` (`idFarmacia`, `idDireccion`) VALUES (659020, 250716752);
INSERT INTO `Farmacia` (`idFarmacia`, `idDireccion`) VALUES (2832, 322315834);
INSERT INTO `Farmacia` (`idFarmacia`, `idDireccion`) VALUES (41848, 368204936);
INSERT INTO `Farmacia` (`idFarmacia`, `idDireccion`) VALUES (564715615, 389086800);
INSERT INTO `Farmacia` (`idFarmacia`, `idDireccion`) VALUES (6253948, 507493879);
INSERT INTO `Farmacia` (`idFarmacia`, `idDireccion`) VALUES (6946, 628242464);
INSERT INTO `Farmacia` (`idFarmacia`, `idDireccion`) VALUES (118, 679396732);
INSERT INTO `Farmacia` (`idFarmacia`, `idDireccion`) VALUES (5445233, 681390038);
INSERT INTO `Farmacia` (`idFarmacia`, `idDireccion`) VALUES (44317712, 823235079);
INSERT INTO `Farmacia` (`idFarmacia`, `idDireccion`) VALUES (5562, 870735037);
INSERT INTO `Farmacia` (`idFarmacia`, `idDireccion`) VALUES (1546539, 954494363);
INSERT INTO `Farmacia` (`idFarmacia`, `idDireccion`) VALUES (33, 974675977);


INSERT INTO `Comprobantes` (`idFarmacia`, `idAfiliado`, `idComprobante`, `fecha`) VALUES (11, 12, 0, '1993-01-06');
INSERT INTO `Comprobantes` (`idFarmacia`, `idAfiliado`, `idComprobante`, `fecha`) VALUES (89277827, 93488638, 1, '1995-11-23');
INSERT INTO `Comprobantes` (`idFarmacia`, `idAfiliado`, `idComprobante`, `fecha`) VALUES (54, 44, 2, '2021-08-10');
INSERT INTO `Comprobantes` (`idFarmacia`, `idAfiliado`, `idComprobante`, `fecha`) VALUES (6935778, 9547613, 3, '2008-10-03');
INSERT INTO `Comprobantes` (`idFarmacia`, `idAfiliado`, `idComprobante`, `fecha`) VALUES (49923, 151574, 6, '1977-10-09');
INSERT INTO `Comprobantes` (`idFarmacia`, `idAfiliado`, `idComprobante`, `fecha`) VALUES (659020, 2468138, 8, '1990-01-16');
INSERT INTO `Comprobantes` (`idFarmacia`, `idAfiliado`, `idComprobante`, `fecha`) VALUES (2, 2, 9, '2015-05-01');
INSERT INTO `Comprobantes` (`idFarmacia`, `idAfiliado`, `idComprobante`, `fecha`) VALUES (57, 54, 17, '1997-03-06');
INSERT INTO `Comprobantes` (`idFarmacia`, `idAfiliado`, `idComprobante`, `fecha`) VALUES (626360692, 340372429, 29, '2018-11-29');
INSERT INTO `Comprobantes` (`idFarmacia`, `idAfiliado`, `idComprobante`, `fecha`) VALUES (41848, 102473, 30, '1995-01-20');
INSERT INTO `Comprobantes` (`idFarmacia`, `idAfiliado`, `idComprobante`, `fecha`) VALUES (893638799, 398884098, 43, '1982-11-03');
INSERT INTO `Comprobantes` (`idFarmacia`, `idAfiliado`, `idComprobante`, `fecha`) VALUES (4090344, 6264469, 45, '2012-10-17');
INSERT INTO `Comprobantes` (`idFarmacia`, `idAfiliado`, `idComprobante`, `fecha`) VALUES (910, 13869, 46, '1971-01-23');
INSERT INTO `Comprobantes` (`idFarmacia`, `idAfiliado`, `idComprobante`, `fecha`) VALUES (6, 6, 47, '2008-06-12');
INSERT INTO `Comprobantes` (`idFarmacia`, `idAfiliado`, `idComprobante`, `fecha`) VALUES (791379, 3382361, 48, '2001-06-08');
INSERT INTO `Comprobantes` (`idFarmacia`, `idAfiliado`, `idComprobante`, `fecha`) VALUES (390, 369, 49, '2017-03-19');
INSERT INTO `Comprobantes` (`idFarmacia`, `idAfiliado`, `idComprobante`, `fecha`) VALUES (5445233, 7559993, 59, '1981-07-30');
INSERT INTO `Comprobantes` (`idFarmacia`, `idAfiliado`, `idComprobante`, `fecha`) VALUES (71849761, 90767726, 66, '2000-06-22');
INSERT INTO `Comprobantes` (`idFarmacia`, `idAfiliado`, `idComprobante`, `fecha`) VALUES (475089, 660855, 83, '1976-04-07');
INSERT INTO `Comprobantes` (`idFarmacia`, `idAfiliado`, `idComprobante`, `fecha`) VALUES (407, 493, 84, '1990-04-07');
INSERT INTO `Comprobantes` (`idFarmacia`, `idAfiliado`, `idComprobante`, `fecha`) VALUES (928038233, 724091988, 89, '2018-05-08');
INSERT INTO `Comprobantes` (`idFarmacia`, `idAfiliado`, `idComprobante`, `fecha`) VALUES (5916, 46734, 90, '1993-10-09');
INSERT INTO `Comprobantes` (`idFarmacia`, `idAfiliado`, `idComprobante`, `fecha`) VALUES (507, 498, 91, '1990-01-17');
INSERT INTO `Comprobantes` (`idFarmacia`, `idAfiliado`, `idComprobante`, `fecha`) VALUES (3, 4, 108, '1985-12-07');
INSERT INTO `Comprobantes` (`idFarmacia`, `idAfiliado`, `idComprobante`, `fecha`) VALUES (224301, 581945, 126, '2017-09-04');
INSERT INTO `Comprobantes` (`idFarmacia`, `idAfiliado`, `idComprobante`, `fecha`) VALUES (844, 9035, 130, '1970-05-07');
INSERT INTO `Comprobantes` (`idFarmacia`, `idAfiliado`, `idComprobante`, `fecha`) VALUES (45181724, 66318920, 147, '1976-08-17');
INSERT INTO `Comprobantes` (`idFarmacia`, `idAfiliado`, `idComprobante`, `fecha`) VALUES (34079716, 37595559, 166, '2019-07-18');
INSERT INTO `Comprobantes` (`idFarmacia`, `idAfiliado`, `idComprobante`, `fecha`) VALUES (2489699, 6260783, 309, '1998-06-12');
INSERT INTO `Comprobantes` (`idFarmacia`, `idAfiliado`, `idComprobante`, `fecha`) VALUES (118, 93, 449, '1999-11-24');
INSERT INTO `Comprobantes` (`idFarmacia`, `idAfiliado`, `idComprobante`, `fecha`) VALUES (142, 96, 451, '2016-04-07');
INSERT INTO `Comprobantes` (`idFarmacia`, `idAfiliado`, `idComprobante`, `fecha`) VALUES (797948, 4419441, 489, '1975-09-02');
INSERT INTO `Comprobantes` (`idFarmacia`, `idAfiliado`, `idComprobante`, `fecha`) VALUES (528849, 893997, 560, '1986-02-19');
INSERT INTO `Comprobantes` (`idFarmacia`, `idAfiliado`, `idComprobante`, `fecha`) VALUES (242, 170, 616, '1997-06-16');
INSERT INTO `Comprobantes` (`idFarmacia`, `idAfiliado`, `idComprobante`, `fecha`) VALUES (31911323, 30395198, 805, '1977-03-31');
INSERT INTO `Comprobantes` (`idFarmacia`, `idAfiliado`, `idComprobante`, `fecha`) VALUES (68782418, 77699074, 812, '2006-08-21');
INSERT INTO `Comprobantes` (`idFarmacia`, `idAfiliado`, `idComprobante`, `fecha`) VALUES (8910, 63382, 881, '1982-06-22');
INSERT INTO `Comprobantes` (`idFarmacia`, `idAfiliado`, `idComprobante`, `fecha`) VALUES (7, 7, 908, '2007-01-15');
INSERT INTO `Comprobantes` (`idFarmacia`, `idAfiliado`, `idComprobante`, `fecha`) VALUES (26683, 98145, 999, '1980-09-28');
INSERT INTO `Comprobantes` (`idFarmacia`, `idAfiliado`, `idComprobante`, `fecha`) VALUES (4, 5, 1826, '2015-01-01');
INSERT INTO `Comprobantes` (`idFarmacia`, `idAfiliado`, `idComprobante`, `fecha`) VALUES (894790412, 558881918, 2109, '1991-05-14');
INSERT INTO `Comprobantes` (`idFarmacia`, `idAfiliado`, `idComprobante`, `fecha`) VALUES (544803123, 293627386, 2190, '2006-08-30');
INSERT INTO `Comprobantes` (`idFarmacia`, `idAfiliado`, `idComprobante`, `fecha`) VALUES (738940438, 375770126, 2443, '2000-12-09');
INSERT INTO `Comprobantes` (`idFarmacia`, `idAfiliado`, `idComprobante`, `fecha`) VALUES (26, 36, 2661, '2022-04-21');
INSERT INTO `Comprobantes` (`idFarmacia`, `idAfiliado`, `idComprobante`, `fecha`) VALUES (522, 598, 2736, '1977-05-20');
INSERT INTO `Comprobantes` (`idFarmacia`, `idAfiliado`, `idComprobante`, `fecha`) VALUES (7578, 60447, 3234, '1991-12-02');
INSERT INTO `Comprobantes` (`idFarmacia`, `idAfiliado`, `idComprobante`, `fecha`) VALUES (5775863, 8207031, 3947, '1983-06-09');
INSERT INTO `Comprobantes` (`idFarmacia`, `idAfiliado`, `idComprobante`, `fecha`) VALUES (928883243, 956674983, 5539, '1975-07-02');
INSERT INTO `Comprobantes` (`idFarmacia`, `idAfiliado`, `idComprobante`, `fecha`) VALUES (110, 78, 5920, '1990-02-18');
INSERT INTO `Comprobantes` (`idFarmacia`, `idAfiliado`, `idComprobante`, `fecha`) VALUES (8412269, 20204375, 6696, '2001-04-15');
INSERT INTO `Comprobantes` (`idFarmacia`, `idAfiliado`, `idComprobante`, `fecha`) VALUES (570, 852, 7654, '1985-06-10');
INSERT INTO `Comprobantes` (`idFarmacia`, `idAfiliado`, `idComprobante`, `fecha`) VALUES (564715615, 313019389, 8688, '1982-10-29');
INSERT INTO `Comprobantes` (`idFarmacia`, `idAfiliado`, `idComprobante`, `fecha`) VALUES (44317712, 59381191, 9590, '2015-02-16');
INSERT INTO `Comprobantes` (`idFarmacia`, `idAfiliado`, `idComprobante`, `fecha`) VALUES (7983, 61183, 25113, '1992-04-22');
INSERT INTO `Comprobantes` (`idFarmacia`, `idAfiliado`, `idComprobante`, `fecha`) VALUES (65466, 279080, 52680, '2019-03-30');
INSERT INTO `Comprobantes` (`idFarmacia`, `idAfiliado`, `idComprobante`, `fecha`) VALUES (2832, 40480, 53976, '1980-06-19');
INSERT INTO `Comprobantes` (`idFarmacia`, `idAfiliado`, `idComprobante`, `fecha`) VALUES (943, 14895, 54818, '2008-12-13');
INSERT INTO `Comprobantes` (`idFarmacia`, `idAfiliado`, `idComprobante`, `fecha`) VALUES (1568, 25542, 55065, '2022-04-19');
INSERT INTO `Comprobantes` (`idFarmacia`, `idAfiliado`, `idComprobante`, `fecha`) VALUES (13841016, 21059655, 84961, '2003-03-10');
INSERT INTO `Comprobantes` (`idFarmacia`, `idAfiliado`, `idComprobante`, `fecha`) VALUES (1546539, 4874073, 91883, '2016-02-12');
INSERT INTO `Comprobantes` (`idFarmacia`, `idAfiliado`, `idComprobante`, `fecha`) VALUES (1, 1, 125143, '2009-05-29');
INSERT INTO `Comprobantes` (`idFarmacia`, `idAfiliado`, `idComprobante`, `fecha`) VALUES (99, 77, 144612, '1997-09-18');
INSERT INTO `Comprobantes` (`idFarmacia`, `idAfiliado`, `idComprobante`, `fecha`) VALUES (77057, 366551, 519082, '2020-03-08');
INSERT INTO `Comprobantes` (`idFarmacia`, `idAfiliado`, `idComprobante`, `fecha`) VALUES (6253948, 9183172, 531911, '1994-11-17');
INSERT INTO `Comprobantes` (`idFarmacia`, `idAfiliado`, `idComprobante`, `fecha`) VALUES (837, 6761, 535457, '1999-01-28');
INSERT INTO `Comprobantes` (`idFarmacia`, `idAfiliado`, `idComprobante`, `fecha`) VALUES (0, 0, 791432, '1975-11-10');
INSERT INTO `Comprobantes` (`idFarmacia`, `idAfiliado`, `idComprobante`, `fecha`) VALUES (5562, 45779, 827568, '2010-03-30');
INSERT INTO `Comprobantes` (`idFarmacia`, `idAfiliado`, `idComprobante`, `fecha`) VALUES (63504038, 68063918, 2749279, '2016-07-12');
INSERT INTO `Comprobantes` (`idFarmacia`, `idAfiliado`, `idComprobante`, `fecha`) VALUES (33, 37, 4134984, '2021-02-12');
INSERT INTO `Comprobantes` (`idFarmacia`, `idAfiliado`, `idComprobante`, `fecha`) VALUES (91956252, 140721258, 4467057, '1996-11-28');
INSERT INTO `Comprobantes` (`idFarmacia`, `idAfiliado`, `idComprobante`, `fecha`) VALUES (172, 107, 4663765, '1978-05-28');
INSERT INTO `Comprobantes` (`idFarmacia`, `idAfiliado`, `idComprobante`, `fecha`) VALUES (632, 911, 6130779, '2009-09-18');
INSERT INTO `Comprobantes` (`idFarmacia`, `idAfiliado`, `idComprobante`, `fecha`) VALUES (113183626, 220770692, 8223508, '2001-04-21');
INSERT INTO `Comprobantes` (`idFarmacia`, `idAfiliado`, `idComprobante`, `fecha`) VALUES (95, 76, 8691247, '2005-05-22');
INSERT INTO `Comprobantes` (`idFarmacia`, `idAfiliado`, `idComprobante`, `fecha`) VALUES (9, 9, 9857891, '2020-05-27');
INSERT INTO `Comprobantes` (`idFarmacia`, `idAfiliado`, `idComprobante`, `fecha`) VALUES (50, 42, 14071858, '2020-01-20');
INSERT INTO `Comprobantes` (`idFarmacia`, `idAfiliado`, `idComprobante`, `fecha`) VALUES (6664, 51787, 18202278, '1985-10-28');
INSERT INTO `Comprobantes` (`idFarmacia`, `idAfiliado`, `idComprobante`, `fecha`) VALUES (783, 3579, 26438001, '1999-04-27');
INSERT INTO `Comprobantes` (`idFarmacia`, `idAfiliado`, `idComprobante`, `fecha`) VALUES (4446020, 6919497, 52391525, '1983-05-27');
INSERT INTO `Comprobantes` (`idFarmacia`, `idAfiliado`, `idComprobante`, `fecha`) VALUES (91319237, 98214814, 59023885, '2001-05-28');
INSERT INTO `Comprobantes` (`idFarmacia`, `idAfiliado`, `idComprobante`, `fecha`) VALUES (334122329, 257385978, 59347970, '1999-02-01');
INSERT INTO `Comprobantes` (`idFarmacia`, `idAfiliado`, `idComprobante`, `fecha`) VALUES (501972, 791246, 60093964, '1997-03-02');
INSERT INTO `Comprobantes` (`idFarmacia`, `idAfiliado`, `idComprobante`, `fecha`) VALUES (67, 69, 72488209, '1982-02-11');
INSERT INTO `Comprobantes` (`idFarmacia`, `idAfiliado`, `idComprobante`, `fecha`) VALUES (704928, 2662283, 88869571, '2003-01-19');
INSERT INTO `Comprobantes` (`idFarmacia`, `idAfiliado`, `idComprobante`, `fecha`) VALUES (1589, 31354, 89156061, '2019-06-20');
INSERT INTO `Comprobantes` (`idFarmacia`, `idAfiliado`, `idComprobante`, `fecha`) VALUES (41892307, 52978517, 91287750, '1992-07-17');
INSERT INTO `Comprobantes` (`idFarmacia`, `idAfiliado`, `idComprobante`, `fecha`) VALUES (5885, 46256, 164381081, '2013-07-04');
INSERT INTO `Comprobantes` (`idFarmacia`, `idAfiliado`, `idComprobante`, `fecha`) VALUES (628076, 921574, 194256425, '2011-05-28');
INSERT INTO `Comprobantes` (`idFarmacia`, `idAfiliado`, `idComprobante`, `fecha`) VALUES (637036, 1786235, 206171232, '1988-11-11');
INSERT INTO `Comprobantes` (`idFarmacia`, `idAfiliado`, `idComprobante`, `fecha`) VALUES (263, 189, 344609294, '2013-02-26');
INSERT INTO `Comprobantes` (`idFarmacia`, `idAfiliado`, `idComprobante`, `fecha`) VALUES (8, 8, 440715549, '2010-03-11');
INSERT INTO `Comprobantes` (`idFarmacia`, `idAfiliado`, `idComprobante`, `fecha`) VALUES (6946, 56259, 535975747, '1979-05-20');
INSERT INTO `Comprobantes` (`idFarmacia`, `idAfiliado`, `idComprobante`, `fecha`) VALUES (669, 1019, 596293661, '1978-09-05');
INSERT INTO `Comprobantes` (`idFarmacia`, `idAfiliado`, `idComprobante`, `fecha`) VALUES (9789, 83674, 648536203, '2020-12-19');
INSERT INTO `Comprobantes` (`idFarmacia`, `idAfiliado`, `idComprobante`, `fecha`) VALUES (82, 72, 742723865, '1984-06-13');
INSERT INTO `Comprobantes` (`idFarmacia`, `idAfiliado`, `idComprobante`, `fecha`) VALUES (579270, 904002, 797422287, '2005-12-16');
INSERT INTO `Comprobantes` (`idFarmacia`, `idAfiliado`, `idComprobante`, `fecha`) VALUES (25, 27, 863400139, '2012-12-17');
INSERT INTO `Comprobantes` (`idFarmacia`, `idAfiliado`, `idComprobante`, `fecha`) VALUES (397, 451, 891333702, '2021-02-04');
INSERT INTO `Comprobantes` (`idFarmacia`, `idAfiliado`, `idComprobante`, `fecha`) VALUES (82881, 483270, 901104042, '1975-02-10');
INSERT INTO `Comprobantes` (`idFarmacia`, `idAfiliado`, `idComprobante`, `fecha`) VALUES (554, 639, 951280856, '1999-04-16');


#
# TABLE STRUCTURE FOR: Depositos
#


INSERT INTO `Depositos` (`idDeposito`) VALUES (0);
INSERT INTO `Depositos` (`idDeposito`) VALUES (1);
INSERT INTO `Depositos` (`idDeposito`) VALUES (2);
INSERT INTO `Depositos` (`idDeposito`) VALUES (3);
INSERT INTO `Depositos` (`idDeposito`) VALUES (4);
INSERT INTO `Depositos` (`idDeposito`) VALUES (5);
INSERT INTO `Depositos` (`idDeposito`) VALUES (7);
INSERT INTO `Depositos` (`idDeposito`) VALUES (8);
INSERT INTO `Depositos` (`idDeposito`) VALUES (9);
INSERT INTO `Depositos` (`idDeposito`) VALUES (11);
INSERT INTO `Depositos` (`idDeposito`) VALUES (24);
INSERT INTO `Depositos` (`idDeposito`) VALUES (46);
INSERT INTO `Depositos` (`idDeposito`) VALUES (51);
INSERT INTO `Depositos` (`idDeposito`) VALUES (52);
INSERT INTO `Depositos` (`idDeposito`) VALUES (61);
INSERT INTO `Depositos` (`idDeposito`) VALUES (62);
INSERT INTO `Depositos` (`idDeposito`) VALUES (67);
INSERT INTO `Depositos` (`idDeposito`) VALUES (80);
INSERT INTO `Depositos` (`idDeposito`) VALUES (84);
INSERT INTO `Depositos` (`idDeposito`) VALUES (264);
INSERT INTO `Depositos` (`idDeposito`) VALUES (272);
INSERT INTO `Depositos` (`idDeposito`) VALUES (322);
INSERT INTO `Depositos` (`idDeposito`) VALUES (390);
INSERT INTO `Depositos` (`idDeposito`) VALUES (463);
INSERT INTO `Depositos` (`idDeposito`) VALUES (654);
INSERT INTO `Depositos` (`idDeposito`) VALUES (723);
INSERT INTO `Depositos` (`idDeposito`) VALUES (830);
INSERT INTO `Depositos` (`idDeposito`) VALUES (883);
INSERT INTO `Depositos` (`idDeposito`) VALUES (956);
INSERT INTO `Depositos` (`idDeposito`) VALUES (976);
INSERT INTO `Depositos` (`idDeposito`) VALUES (1260);
INSERT INTO `Depositos` (`idDeposito`) VALUES (2571);
INSERT INTO `Depositos` (`idDeposito`) VALUES (2946);
INSERT INTO `Depositos` (`idDeposito`) VALUES (4015);
INSERT INTO `Depositos` (`idDeposito`) VALUES (6011);
INSERT INTO `Depositos` (`idDeposito`) VALUES (6356);
INSERT INTO `Depositos` (`idDeposito`) VALUES (7143);
INSERT INTO `Depositos` (`idDeposito`) VALUES (8179);
INSERT INTO `Depositos` (`idDeposito`) VALUES (8401);
INSERT INTO `Depositos` (`idDeposito`) VALUES (9162);
INSERT INTO `Depositos` (`idDeposito`) VALUES (9402);
INSERT INTO `Depositos` (`idDeposito`) VALUES (10082);
INSERT INTO `Depositos` (`idDeposito`) VALUES (37034);
INSERT INTO `Depositos` (`idDeposito`) VALUES (40023);
INSERT INTO `Depositos` (`idDeposito`) VALUES (42193);
INSERT INTO `Depositos` (`idDeposito`) VALUES (46061);
INSERT INTO `Depositos` (`idDeposito`) VALUES (66467);
INSERT INTO `Depositos` (`idDeposito`) VALUES (71783);
INSERT INTO `Depositos` (`idDeposito`) VALUES (79832);
INSERT INTO `Depositos` (`idDeposito`) VALUES (84779);
INSERT INTO `Depositos` (`idDeposito`) VALUES (85639);
INSERT INTO `Depositos` (`idDeposito`) VALUES (95260);
INSERT INTO `Depositos` (`idDeposito`) VALUES (97551);
INSERT INTO `Depositos` (`idDeposito`) VALUES (97573);
INSERT INTO `Depositos` (`idDeposito`) VALUES (225764);
INSERT INTO `Depositos` (`idDeposito`) VALUES (233977);
INSERT INTO `Depositos` (`idDeposito`) VALUES (399918);
INSERT INTO `Depositos` (`idDeposito`) VALUES (563497);
INSERT INTO `Depositos` (`idDeposito`) VALUES (594250);
INSERT INTO `Depositos` (`idDeposito`) VALUES (640090);
INSERT INTO `Depositos` (`idDeposito`) VALUES (771138);
INSERT INTO `Depositos` (`idDeposito`) VALUES (804051);
INSERT INTO `Depositos` (`idDeposito`) VALUES (982460);
INSERT INTO `Depositos` (`idDeposito`) VALUES (2036985);
INSERT INTO `Depositos` (`idDeposito`) VALUES (2173801);
INSERT INTO `Depositos` (`idDeposito`) VALUES (2543720);
INSERT INTO `Depositos` (`idDeposito`) VALUES (3504783);
INSERT INTO `Depositos` (`idDeposito`) VALUES (4126220);
INSERT INTO `Depositos` (`idDeposito`) VALUES (4527572);
INSERT INTO `Depositos` (`idDeposito`) VALUES (5286504);
INSERT INTO `Depositos` (`idDeposito`) VALUES (6919388);
INSERT INTO `Depositos` (`idDeposito`) VALUES (7656775);
INSERT INTO `Depositos` (`idDeposito`) VALUES (8063692);
INSERT INTO `Depositos` (`idDeposito`) VALUES (8509689);
INSERT INTO `Depositos` (`idDeposito`) VALUES (8883024);
INSERT INTO `Depositos` (`idDeposito`) VALUES (9765444);
INSERT INTO `Depositos` (`idDeposito`) VALUES (12952407);
INSERT INTO `Depositos` (`idDeposito`) VALUES (24584476);
INSERT INTO `Depositos` (`idDeposito`) VALUES (33459837);
INSERT INTO `Depositos` (`idDeposito`) VALUES (38365700);
INSERT INTO `Depositos` (`idDeposito`) VALUES (56530386);
INSERT INTO `Depositos` (`idDeposito`) VALUES (64717829);
INSERT INTO `Depositos` (`idDeposito`) VALUES (79223256);
INSERT INTO `Depositos` (`idDeposito`) VALUES (80546129);
INSERT INTO `Depositos` (`idDeposito`) VALUES (82747415);
INSERT INTO `Depositos` (`idDeposito`) VALUES (90939019);
INSERT INTO `Depositos` (`idDeposito`) VALUES (99656652);
INSERT INTO `Depositos` (`idDeposito`) VALUES (193368558);
INSERT INTO `Depositos` (`idDeposito`) VALUES (253534243);
INSERT INTO `Depositos` (`idDeposito`) VALUES (271949790);
INSERT INTO `Depositos` (`idDeposito`) VALUES (356762396);
INSERT INTO `Depositos` (`idDeposito`) VALUES (391787990);
INSERT INTO `Depositos` (`idDeposito`) VALUES (424798180);
INSERT INTO `Depositos` (`idDeposito`) VALUES (539755479);
INSERT INTO `Depositos` (`idDeposito`) VALUES (561607438);
INSERT INTO `Depositos` (`idDeposito`) VALUES (596260933);
INSERT INTO `Depositos` (`idDeposito`) VALUES (871415336);
INSERT INTO `Depositos` (`idDeposito`) VALUES (891051439);
INSERT INTO `Depositos` (`idDeposito`) VALUES (967429948);
INSERT INTO `Depositos` (`idDeposito`) VALUES (967994185);


#
# TABLE STRUCTURE FOR: Diagnosticos
#

INSERT INTO `Diagnosticos` (`idDiagnostico`, `fecha`, `idAfiliado`) VALUES (0, '1979-07-29', 77);
INSERT INTO `Diagnosticos` (`idDiagnostico`, `fecha`, `idAfiliado`) VALUES (1, '1970-01-28', 2);
INSERT INTO `Diagnosticos` (`idDiagnostico`, `fecha`, `idAfiliado`) VALUES (5, '1977-12-26', 69);
INSERT INTO `Diagnosticos` (`idDiagnostico`, `fecha`, `idAfiliado`) VALUES (6, '2005-04-25', 76);
INSERT INTO `Diagnosticos` (`idDiagnostico`, `fecha`, `idAfiliado`) VALUES (9, '2019-12-11', 9);
INSERT INTO `Diagnosticos` (`idDiagnostico`, `fecha`, `idAfiliado`) VALUES (18, '1986-12-23', 9);
INSERT INTO `Diagnosticos` (`idDiagnostico`, `fecha`, `idAfiliado`) VALUES (37, '1976-08-26', 4);
INSERT INTO `Diagnosticos` (`idDiagnostico`, `fecha`, `idAfiliado`) VALUES (41, '1986-11-21', 7);
INSERT INTO `Diagnosticos` (`idDiagnostico`, `fecha`, `idAfiliado`) VALUES (50, '1979-01-04', 44);
INSERT INTO `Diagnosticos` (`idDiagnostico`, `fecha`, `idAfiliado`) VALUES (62, '2012-01-23', 27);
INSERT INTO `Diagnosticos` (`idDiagnostico`, `fecha`, `idAfiliado`) VALUES (80, '1988-01-29', 7);
INSERT INTO `Diagnosticos` (`idDiagnostico`, `fecha`, `idAfiliado`) VALUES (92, '1972-10-31', 8);
INSERT INTO `Diagnosticos` (`idDiagnostico`, `fecha`, `idAfiliado`) VALUES (134, '2009-02-02', 69);
INSERT INTO `Diagnosticos` (`idDiagnostico`, `fecha`, `idAfiliado`) VALUES (218, '2010-06-02', 44);
INSERT INTO `Diagnosticos` (`idDiagnostico`, `fecha`, `idAfiliado`) VALUES (318, '1976-12-29', 44);
INSERT INTO `Diagnosticos` (`idDiagnostico`, `fecha`, `idAfiliado`) VALUES (382, '2019-03-22', 5);
INSERT INTO `Diagnosticos` (`idDiagnostico`, `fecha`, `idAfiliado`) VALUES (528, '2021-04-04', 6);
INSERT INTO `Diagnosticos` (`idDiagnostico`, `fecha`, `idAfiliado`) VALUES (673, '2014-07-09', 44);
INSERT INTO `Diagnosticos` (`idDiagnostico`, `fecha`, `idAfiliado`) VALUES (739, '1992-09-23', 42);
INSERT INTO `Diagnosticos` (`idDiagnostico`, `fecha`, `idAfiliado`) VALUES (779, '1980-09-15', 42);
INSERT INTO `Diagnosticos` (`idDiagnostico`, `fecha`, `idAfiliado`) VALUES (895, '1994-01-25', 69);
INSERT INTO `Diagnosticos` (`idDiagnostico`, `fecha`, `idAfiliado`) VALUES (1753, '2017-05-21', 72);
INSERT INTO `Diagnosticos` (`idDiagnostico`, `fecha`, `idAfiliado`) VALUES (2146, '2022-06-29', 72);
INSERT INTO `Diagnosticos` (`idDiagnostico`, `fecha`, `idAfiliado`) VALUES (2670, '1976-11-18', 9);
INSERT INTO `Diagnosticos` (`idDiagnostico`, `fecha`, `idAfiliado`) VALUES (2946, '1970-04-14', 37);
INSERT INTO `Diagnosticos` (`idDiagnostico`, `fecha`, `idAfiliado`) VALUES (3275, '1978-12-02', 0);
INSERT INTO `Diagnosticos` (`idDiagnostico`, `fecha`, `idAfiliado`) VALUES (3843, '2019-01-09', 72);
INSERT INTO `Diagnosticos` (`idDiagnostico`, `fecha`, `idAfiliado`) VALUES (4118, '2019-09-19', 4);
INSERT INTO `Diagnosticos` (`idDiagnostico`, `fecha`, `idAfiliado`) VALUES (4658, '1976-02-29', 76);
INSERT INTO `Diagnosticos` (`idDiagnostico`, `fecha`, `idAfiliado`) VALUES (4736, '1971-11-15', 2);
INSERT INTO `Diagnosticos` (`idDiagnostico`, `fecha`, `idAfiliado`) VALUES (5117, '1991-12-16', 69);
INSERT INTO `Diagnosticos` (`idDiagnostico`, `fecha`, `idAfiliado`) VALUES (7280, '2017-10-11', 0);
INSERT INTO `Diagnosticos` (`idDiagnostico`, `fecha`, `idAfiliado`) VALUES (8290, '1988-03-23', 0);
INSERT INTO `Diagnosticos` (`idDiagnostico`, `fecha`, `idAfiliado`) VALUES (8859, '1971-01-04', 77);
INSERT INTO `Diagnosticos` (`idDiagnostico`, `fecha`, `idAfiliado`) VALUES (9799, '1975-11-24', 76);
INSERT INTO `Diagnosticos` (`idDiagnostico`, `fecha`, `idAfiliado`) VALUES (9993, '2022-12-21', 9);
INSERT INTO `Diagnosticos` (`idDiagnostico`, `fecha`, `idAfiliado`) VALUES (21010, '1982-02-21', 6);
INSERT INTO `Diagnosticos` (`idDiagnostico`, `fecha`, `idAfiliado`) VALUES (29234, '2006-09-02', 7);
INSERT INTO `Diagnosticos` (`idDiagnostico`, `fecha`, `idAfiliado`) VALUES (40564, '1983-05-21', 42);
INSERT INTO `Diagnosticos` (`idDiagnostico`, `fecha`, `idAfiliado`) VALUES (45253, '1971-05-30', 42);
INSERT INTO `Diagnosticos` (`idDiagnostico`, `fecha`, `idAfiliado`) VALUES (59352, '1998-05-08', 42);
INSERT INTO `Diagnosticos` (`idDiagnostico`, `fecha`, `idAfiliado`) VALUES (64482, '1971-02-03', 76);
INSERT INTO `Diagnosticos` (`idDiagnostico`, `fecha`, `idAfiliado`) VALUES (65584, '1989-11-21', 9);
INSERT INTO `Diagnosticos` (`idDiagnostico`, `fecha`, `idAfiliado`) VALUES (73312, '2008-09-04', 1);
INSERT INTO `Diagnosticos` (`idDiagnostico`, `fecha`, `idAfiliado`) VALUES (75712, '1977-01-13', 36);
INSERT INTO `Diagnosticos` (`idDiagnostico`, `fecha`, `idAfiliado`) VALUES (81430, '1981-02-23', 72);
INSERT INTO `Diagnosticos` (`idDiagnostico`, `fecha`, `idAfiliado`) VALUES (85919, '1994-06-18', 36);
INSERT INTO `Diagnosticos` (`idDiagnostico`, `fecha`, `idAfiliado`) VALUES (86336, '2015-06-17', 6);
INSERT INTO `Diagnosticos` (`idDiagnostico`, `fecha`, `idAfiliado`) VALUES (97437, '2000-06-08', 69);
INSERT INTO `Diagnosticos` (`idDiagnostico`, `fecha`, `idAfiliado`) VALUES (132070, '2020-12-05', 8);
INSERT INTO `Diagnosticos` (`idDiagnostico`, `fecha`, `idAfiliado`) VALUES (176560, '2017-03-06', 27);
INSERT INTO `Diagnosticos` (`idDiagnostico`, `fecha`, `idAfiliado`) VALUES (306832, '1972-06-09', 2);
INSERT INTO `Diagnosticos` (`idDiagnostico`, `fecha`, `idAfiliado`) VALUES (343757, '2002-02-24', 54);
INSERT INTO `Diagnosticos` (`idDiagnostico`, `fecha`, `idAfiliado`) VALUES (366117, '1981-06-09', 54);
INSERT INTO `Diagnosticos` (`idDiagnostico`, `fecha`, `idAfiliado`) VALUES (408017, '1988-08-22', 7);
INSERT INTO `Diagnosticos` (`idDiagnostico`, `fecha`, `idAfiliado`) VALUES (412043, '2018-10-10', 1);
INSERT INTO `Diagnosticos` (`idDiagnostico`, `fecha`, `idAfiliado`) VALUES (464731, '2003-07-09', 37);
INSERT INTO `Diagnosticos` (`idDiagnostico`, `fecha`, `idAfiliado`) VALUES (519816, '1997-05-15', 1);
INSERT INTO `Diagnosticos` (`idDiagnostico`, `fecha`, `idAfiliado`) VALUES (672614, '2014-08-04', 0);
INSERT INTO `Diagnosticos` (`idDiagnostico`, `fecha`, `idAfiliado`) VALUES (801363, '2005-04-09', 44);
INSERT INTO `Diagnosticos` (`idDiagnostico`, `fecha`, `idAfiliado`) VALUES (807402, '2001-06-07', 27);
INSERT INTO `Diagnosticos` (`idDiagnostico`, `fecha`, `idAfiliado`) VALUES (868028, '1985-03-11', 1);
INSERT INTO `Diagnosticos` (`idDiagnostico`, `fecha`, `idAfiliado`) VALUES (958231, '2013-02-07', 12);
INSERT INTO `Diagnosticos` (`idDiagnostico`, `fecha`, `idAfiliado`) VALUES (996453, '1983-01-05', 2);
INSERT INTO `Diagnosticos` (`idDiagnostico`, `fecha`, `idAfiliado`) VALUES (1029012, '1998-04-26', 8);
INSERT INTO `Diagnosticos` (`idDiagnostico`, `fecha`, `idAfiliado`) VALUES (1161449, '2007-02-12', 1);
INSERT INTO `Diagnosticos` (`idDiagnostico`, `fecha`, `idAfiliado`) VALUES (1389578, '2000-10-23', 76);
INSERT INTO `Diagnosticos` (`idDiagnostico`, `fecha`, `idAfiliado`) VALUES (2097366, '1984-07-04', 54);
INSERT INTO `Diagnosticos` (`idDiagnostico`, `fecha`, `idAfiliado`) VALUES (3562505, '1981-03-14', 12);
INSERT INTO `Diagnosticos` (`idDiagnostico`, `fecha`, `idAfiliado`) VALUES (5768061, '1985-11-15', 5);
INSERT INTO `Diagnosticos` (`idDiagnostico`, `fecha`, `idAfiliado`) VALUES (7718826, '2000-11-07', 37);
INSERT INTO `Diagnosticos` (`idDiagnostico`, `fecha`, `idAfiliado`) VALUES (8803926, '1992-10-23', 7);
INSERT INTO `Diagnosticos` (`idDiagnostico`, `fecha`, `idAfiliado`) VALUES (9002299, '2009-06-20', 36);
INSERT INTO `Diagnosticos` (`idDiagnostico`, `fecha`, `idAfiliado`) VALUES (9407052, '1987-03-29', 54);
INSERT INTO `Diagnosticos` (`idDiagnostico`, `fecha`, `idAfiliado`) VALUES (9464510, '1981-06-25', 36);
INSERT INTO `Diagnosticos` (`idDiagnostico`, `fecha`, `idAfiliado`) VALUES (9998681, '2007-11-26', 27);
INSERT INTO `Diagnosticos` (`idDiagnostico`, `fecha`, `idAfiliado`) VALUES (13795109, '2007-07-17', 27);
INSERT INTO `Diagnosticos` (`idDiagnostico`, `fecha`, `idAfiliado`) VALUES (17527140, '1977-06-26', 0);
INSERT INTO `Diagnosticos` (`idDiagnostico`, `fecha`, `idAfiliado`) VALUES (19200005, '1973-06-13', 5);
INSERT INTO `Diagnosticos` (`idDiagnostico`, `fecha`, `idAfiliado`) VALUES (20344320, '1994-07-14', 12);
INSERT INTO `Diagnosticos` (`idDiagnostico`, `fecha`, `idAfiliado`) VALUES (23774930, '1992-11-16', 37);
INSERT INTO `Diagnosticos` (`idDiagnostico`, `fecha`, `idAfiliado`) VALUES (29634550, '2008-08-03', 77);
INSERT INTO `Diagnosticos` (`idDiagnostico`, `fecha`, `idAfiliado`) VALUES (33508512, '2021-10-19', 6);
INSERT INTO `Diagnosticos` (`idDiagnostico`, `fecha`, `idAfiliado`) VALUES (35844944, '1975-02-22', 5);
INSERT INTO `Diagnosticos` (`idDiagnostico`, `fecha`, `idAfiliado`) VALUES (50438797, '1987-09-24', 54);
INSERT INTO `Diagnosticos` (`idDiagnostico`, `fecha`, `idAfiliado`) VALUES (53837704, '2003-11-07', 77);
INSERT INTO `Diagnosticos` (`idDiagnostico`, `fecha`, `idAfiliado`) VALUES (59997360, '2011-02-13', 6);
INSERT INTO `Diagnosticos` (`idDiagnostico`, `fecha`, `idAfiliado`) VALUES (64333389, '2007-11-05', 4);
INSERT INTO `Diagnosticos` (`idDiagnostico`, `fecha`, `idAfiliado`) VALUES (73506999, '1976-05-25', 12);
INSERT INTO `Diagnosticos` (`idDiagnostico`, `fecha`, `idAfiliado`) VALUES (81936414, '1988-04-07', 5);
INSERT INTO `Diagnosticos` (`idDiagnostico`, `fecha`, `idAfiliado`) VALUES (317685094, '2020-11-03', 36);
INSERT INTO `Diagnosticos` (`idDiagnostico`, `fecha`, `idAfiliado`) VALUES (344132862, '1974-01-18', 12);
INSERT INTO `Diagnosticos` (`idDiagnostico`, `fecha`, `idAfiliado`) VALUES (630044199, '1975-07-12', 2);
INSERT INTO `Diagnosticos` (`idDiagnostico`, `fecha`, `idAfiliado`) VALUES (740628084, '2012-05-05', 77);
INSERT INTO `Diagnosticos` (`idDiagnostico`, `fecha`, `idAfiliado`) VALUES (770461529, '1993-07-27', 8);
INSERT INTO `Diagnosticos` (`idDiagnostico`, `fecha`, `idAfiliado`) VALUES (817693593, '2004-05-11', 4);
INSERT INTO `Diagnosticos` (`idDiagnostico`, `fecha`, `idAfiliado`) VALUES (824187680, '1988-04-14', 72);
INSERT INTO `Diagnosticos` (`idDiagnostico`, `fecha`, `idAfiliado`) VALUES (837741896, '1984-09-22', 4);
INSERT INTO `Diagnosticos` (`idDiagnostico`, `fecha`, `idAfiliado`) VALUES (914252133, '2001-09-10', 8);
INSERT INTO `Diagnosticos` (`idDiagnostico`, `fecha`, `idAfiliado`) VALUES (987986792, '1970-01-31', 37);


#
# TABLE STRUCTURE FOR: DiasGuardia
#


INSERT INTO `DiasGuardia` (`idFarmacia`, `diaDeGuardia`) VALUES (0, '1987-03-05');
INSERT INTO `DiasGuardia` (`idFarmacia`, `diaDeGuardia`) VALUES (1, '1986-05-22');
INSERT INTO `DiasGuardia` (`idFarmacia`, `diaDeGuardia`) VALUES (2, '1982-04-26');
INSERT INTO `DiasGuardia` (`idFarmacia`, `diaDeGuardia`) VALUES (3, '1974-03-20');
INSERT INTO `DiasGuardia` (`idFarmacia`, `diaDeGuardia`) VALUES (4, '2011-12-05');
INSERT INTO `DiasGuardia` (`idFarmacia`, `diaDeGuardia`) VALUES (6, '2018-06-26');
INSERT INTO `DiasGuardia` (`idFarmacia`, `diaDeGuardia`) VALUES (7, '1981-11-03');
INSERT INTO `DiasGuardia` (`idFarmacia`, `diaDeGuardia`) VALUES (8, '1974-03-27');
INSERT INTO `DiasGuardia` (`idFarmacia`, `diaDeGuardia`) VALUES (9, '2018-08-13');
INSERT INTO `DiasGuardia` (`idFarmacia`, `diaDeGuardia`) VALUES (11, '1999-08-25');
INSERT INTO `DiasGuardia` (`idFarmacia`, `diaDeGuardia`) VALUES (25, '2019-03-31');
INSERT INTO `DiasGuardia` (`idFarmacia`, `diaDeGuardia`) VALUES (26, '1997-07-26');
INSERT INTO `DiasGuardia` (`idFarmacia`, `diaDeGuardia`) VALUES (33, '1985-11-19');
INSERT INTO `DiasGuardia` (`idFarmacia`, `diaDeGuardia`) VALUES (50, '2001-05-16');
INSERT INTO `DiasGuardia` (`idFarmacia`, `diaDeGuardia`) VALUES (54, '1998-04-10');
INSERT INTO `DiasGuardia` (`idFarmacia`, `diaDeGuardia`) VALUES (57, '2016-04-12');
INSERT INTO `DiasGuardia` (`idFarmacia`, `diaDeGuardia`) VALUES (67, '2007-11-21');
INSERT INTO `DiasGuardia` (`idFarmacia`, `diaDeGuardia`) VALUES (82, '1992-08-24');
INSERT INTO `DiasGuardia` (`idFarmacia`, `diaDeGuardia`) VALUES (95, '1978-08-30');
INSERT INTO `DiasGuardia` (`idFarmacia`, `diaDeGuardia`) VALUES (99, '2011-10-05');
INSERT INTO `DiasGuardia` (`idFarmacia`, `diaDeGuardia`) VALUES (110, '1996-01-04');
INSERT INTO `DiasGuardia` (`idFarmacia`, `diaDeGuardia`) VALUES (118, '1986-02-04');
INSERT INTO `DiasGuardia` (`idFarmacia`, `diaDeGuardia`) VALUES (142, '2003-10-16');
INSERT INTO `DiasGuardia` (`idFarmacia`, `diaDeGuardia`) VALUES (172, '2016-09-26');
INSERT INTO `DiasGuardia` (`idFarmacia`, `diaDeGuardia`) VALUES (242, '1977-02-09');
INSERT INTO `DiasGuardia` (`idFarmacia`, `diaDeGuardia`) VALUES (263, '1972-01-08');
INSERT INTO `DiasGuardia` (`idFarmacia`, `diaDeGuardia`) VALUES (390, '1994-07-04');
INSERT INTO `DiasGuardia` (`idFarmacia`, `diaDeGuardia`) VALUES (397, '1996-01-11');
INSERT INTO `DiasGuardia` (`idFarmacia`, `diaDeGuardia`) VALUES (407, '1985-08-21');
INSERT INTO `DiasGuardia` (`idFarmacia`, `diaDeGuardia`) VALUES (507, '1995-08-20');
INSERT INTO `DiasGuardia` (`idFarmacia`, `diaDeGuardia`) VALUES (522, '1980-01-08');
INSERT INTO `DiasGuardia` (`idFarmacia`, `diaDeGuardia`) VALUES (554, '2020-03-14');
INSERT INTO `DiasGuardia` (`idFarmacia`, `diaDeGuardia`) VALUES (570, '2006-11-30');
INSERT INTO `DiasGuardia` (`idFarmacia`, `diaDeGuardia`) VALUES (632, '2012-02-26');
INSERT INTO `DiasGuardia` (`idFarmacia`, `diaDeGuardia`) VALUES (669, '1980-12-22');
INSERT INTO `DiasGuardia` (`idFarmacia`, `diaDeGuardia`) VALUES (783, '1989-07-25');
INSERT INTO `DiasGuardia` (`idFarmacia`, `diaDeGuardia`) VALUES (837, '1990-12-20');
INSERT INTO `DiasGuardia` (`idFarmacia`, `diaDeGuardia`) VALUES (844, '2020-04-30');
INSERT INTO `DiasGuardia` (`idFarmacia`, `diaDeGuardia`) VALUES (910, '2016-04-17');
INSERT INTO `DiasGuardia` (`idFarmacia`, `diaDeGuardia`) VALUES (943, '1976-06-03');
INSERT INTO `DiasGuardia` (`idFarmacia`, `diaDeGuardia`) VALUES (1568, '1984-07-30');
INSERT INTO `DiasGuardia` (`idFarmacia`, `diaDeGuardia`) VALUES (1589, '2007-10-14');
INSERT INTO `DiasGuardia` (`idFarmacia`, `diaDeGuardia`) VALUES (2832, '2000-09-30');
INSERT INTO `DiasGuardia` (`idFarmacia`, `diaDeGuardia`) VALUES (5562, '1974-10-20');
INSERT INTO `DiasGuardia` (`idFarmacia`, `diaDeGuardia`) VALUES (5885, '1974-05-24');
INSERT INTO `DiasGuardia` (`idFarmacia`, `diaDeGuardia`) VALUES (5916, '2009-02-06');
INSERT INTO `DiasGuardia` (`idFarmacia`, `diaDeGuardia`) VALUES (6664, '2018-10-07');
INSERT INTO `DiasGuardia` (`idFarmacia`, `diaDeGuardia`) VALUES (6946, '2009-07-17');
INSERT INTO `DiasGuardia` (`idFarmacia`, `diaDeGuardia`) VALUES (7578, '2010-10-07');
INSERT INTO `DiasGuardia` (`idFarmacia`, `diaDeGuardia`) VALUES (7983, '1991-06-12');
INSERT INTO `DiasGuardia` (`idFarmacia`, `diaDeGuardia`) VALUES (8910, '1979-04-15');
INSERT INTO `DiasGuardia` (`idFarmacia`, `diaDeGuardia`) VALUES (9789, '1997-05-19');
INSERT INTO `DiasGuardia` (`idFarmacia`, `diaDeGuardia`) VALUES (26683, '2010-10-11');
INSERT INTO `DiasGuardia` (`idFarmacia`, `diaDeGuardia`) VALUES (41848, '2003-12-23');
INSERT INTO `DiasGuardia` (`idFarmacia`, `diaDeGuardia`) VALUES (49923, '1994-09-07');
INSERT INTO `DiasGuardia` (`idFarmacia`, `diaDeGuardia`) VALUES (65466, '1974-12-27');
INSERT INTO `DiasGuardia` (`idFarmacia`, `diaDeGuardia`) VALUES (77057, '2018-05-31');
INSERT INTO `DiasGuardia` (`idFarmacia`, `diaDeGuardia`) VALUES (82881, '2008-11-25');
INSERT INTO `DiasGuardia` (`idFarmacia`, `diaDeGuardia`) VALUES (224301, '1986-08-11');
INSERT INTO `DiasGuardia` (`idFarmacia`, `diaDeGuardia`) VALUES (475089, '2003-11-23');
INSERT INTO `DiasGuardia` (`idFarmacia`, `diaDeGuardia`) VALUES (501972, '1987-04-01');
INSERT INTO `DiasGuardia` (`idFarmacia`, `diaDeGuardia`) VALUES (528849, '1979-07-25');
INSERT INTO `DiasGuardia` (`idFarmacia`, `diaDeGuardia`) VALUES (579270, '1980-09-08');
INSERT INTO `DiasGuardia` (`idFarmacia`, `diaDeGuardia`) VALUES (628076, '2018-05-10');
INSERT INTO `DiasGuardia` (`idFarmacia`, `diaDeGuardia`) VALUES (637036, '1971-07-16');
INSERT INTO `DiasGuardia` (`idFarmacia`, `diaDeGuardia`) VALUES (659020, '1982-06-05');
INSERT INTO `DiasGuardia` (`idFarmacia`, `diaDeGuardia`) VALUES (704928, '2004-04-06');
INSERT INTO `DiasGuardia` (`idFarmacia`, `diaDeGuardia`) VALUES (791379, '2010-11-09');
INSERT INTO `DiasGuardia` (`idFarmacia`, `diaDeGuardia`) VALUES (797948, '1988-03-16');
INSERT INTO `DiasGuardia` (`idFarmacia`, `diaDeGuardia`) VALUES (1546539, '1985-02-12');
INSERT INTO `DiasGuardia` (`idFarmacia`, `diaDeGuardia`) VALUES (2489699, '1974-06-27');
INSERT INTO `DiasGuardia` (`idFarmacia`, `diaDeGuardia`) VALUES (4090344, '1983-08-02');
INSERT INTO `DiasGuardia` (`idFarmacia`, `diaDeGuardia`) VALUES (4446020, '2021-10-12');
INSERT INTO `DiasGuardia` (`idFarmacia`, `diaDeGuardia`) VALUES (5445233, '1975-05-25');
INSERT INTO `DiasGuardia` (`idFarmacia`, `diaDeGuardia`) VALUES (5775863, '1970-09-27');
INSERT INTO `DiasGuardia` (`idFarmacia`, `diaDeGuardia`) VALUES (6253948, '1979-07-16');
INSERT INTO `DiasGuardia` (`idFarmacia`, `diaDeGuardia`) VALUES (6935778, '1988-06-06');
INSERT INTO `DiasGuardia` (`idFarmacia`, `diaDeGuardia`) VALUES (8412269, '2006-01-22');
INSERT INTO `DiasGuardia` (`idFarmacia`, `diaDeGuardia`) VALUES (13841016, '1990-08-28');
INSERT INTO `DiasGuardia` (`idFarmacia`, `diaDeGuardia`) VALUES (31911323, '1981-04-14');
INSERT INTO `DiasGuardia` (`idFarmacia`, `diaDeGuardia`) VALUES (34079716, '1970-12-08');
INSERT INTO `DiasGuardia` (`idFarmacia`, `diaDeGuardia`) VALUES (41892307, '1993-09-03');
INSERT INTO `DiasGuardia` (`idFarmacia`, `diaDeGuardia`) VALUES (44317712, '1978-09-24');
INSERT INTO `DiasGuardia` (`idFarmacia`, `diaDeGuardia`) VALUES (45181724, '1973-03-22');
INSERT INTO `DiasGuardia` (`idFarmacia`, `diaDeGuardia`) VALUES (63504038, '2018-01-02');
INSERT INTO `DiasGuardia` (`idFarmacia`, `diaDeGuardia`) VALUES (68782418, '2008-04-13');
INSERT INTO `DiasGuardia` (`idFarmacia`, `diaDeGuardia`) VALUES (71849761, '2019-05-04');
INSERT INTO `DiasGuardia` (`idFarmacia`, `diaDeGuardia`) VALUES (89277827, '2008-05-17');
INSERT INTO `DiasGuardia` (`idFarmacia`, `diaDeGuardia`) VALUES (91319237, '2016-12-16');
INSERT INTO `DiasGuardia` (`idFarmacia`, `diaDeGuardia`) VALUES (91956252, '1995-05-30');
INSERT INTO `DiasGuardia` (`idFarmacia`, `diaDeGuardia`) VALUES (113183626, '1991-07-18');
INSERT INTO `DiasGuardia` (`idFarmacia`, `diaDeGuardia`) VALUES (334122329, '2005-10-21');
INSERT INTO `DiasGuardia` (`idFarmacia`, `diaDeGuardia`) VALUES (544803123, '2010-11-04');
INSERT INTO `DiasGuardia` (`idFarmacia`, `diaDeGuardia`) VALUES (564715615, '1979-04-05');
INSERT INTO `DiasGuardia` (`idFarmacia`, `diaDeGuardia`) VALUES (626360692, '1994-12-16');
INSERT INTO `DiasGuardia` (`idFarmacia`, `diaDeGuardia`) VALUES (738940438, '1994-04-20');
INSERT INTO `DiasGuardia` (`idFarmacia`, `diaDeGuardia`) VALUES (893638799, '2001-12-13');
INSERT INTO `DiasGuardia` (`idFarmacia`, `diaDeGuardia`) VALUES (894790412, '2006-08-01');
INSERT INTO `DiasGuardia` (`idFarmacia`, `diaDeGuardia`) VALUES (928038233, '1988-08-24');
INSERT INTO `DiasGuardia` (`idFarmacia`, `diaDeGuardia`) VALUES (928883243, '1991-10-14');



INSERT INTO `Empleados` (`cuit`, `nombre`, `apellido`, `fechaIngreso`, `idFarmacia`) VALUES (0, 'Brian Schuppe', 'Sipes', '1978-06-02', 1);
INSERT INTO `Empleados` (`cuit`, `nombre`, `apellido`, `fechaIngreso`, `idFarmacia`) VALUES (1, 'Cristina Haag', 'Von', '1976-06-26', 9);
INSERT INTO `Empleados` (`cuit`, `nombre`, `apellido`, `fechaIngreso`, `idFarmacia`) VALUES (2, 'Dr. Neil Haley DVM', 'Metz', '2002-06-09', 4446020);
INSERT INTO `Empleados` (`cuit`, `nombre`, `apellido`, `fechaIngreso`, `idFarmacia`) VALUES (4, 'Annabel Renner', 'Witting', '1985-04-26', 110);
INSERT INTO `Empleados` (`cuit`, `nombre`, `apellido`, `fechaIngreso`, `idFarmacia`) VALUES (5, 'Danielle Batz', 'Stark', '2018-08-03', 50);
INSERT INTO `Empleados` (`cuit`, `nombre`, `apellido`, `fechaIngreso`, `idFarmacia`) VALUES (6, 'Mrs. Lillie Wuckert II', 'Homenick', '2016-01-31', 579270);
INSERT INTO `Empleados` (`cuit`, `nombre`, `apellido`, `fechaIngreso`, `idFarmacia`) VALUES (7, 'Jacklyn Mraz', 'Funk', '2001-10-04', 894790412);
INSERT INTO `Empleados` (`cuit`, `nombre`, `apellido`, `fechaIngreso`, `idFarmacia`) VALUES (9, 'Leonard Sawayn', 'Quitzon', '1989-06-22', 65466);
INSERT INTO `Empleados` (`cuit`, `nombre`, `apellido`, `fechaIngreso`, `idFarmacia`) VALUES (10, 'Reba Tillman', 'Balistreri', '1978-12-11', 1546539);
INSERT INTO `Empleados` (`cuit`, `nombre`, `apellido`, `fechaIngreso`, `idFarmacia`) VALUES (11, 'Arnulfo Daugherty', 'Gleason', '2002-09-29', 2);
INSERT INTO `Empleados` (`cuit`, `nombre`, `apellido`, `fechaIngreso`, `idFarmacia`) VALUES (14, 'Shanon Miller', 'Bins', '2007-03-04', 704928);
INSERT INTO `Empleados` (`cuit`, `nombre`, `apellido`, `fechaIngreso`, `idFarmacia`) VALUES (16, 'Aileen Barrows DVM', 'Sawayn', '2022-04-17', 5775863);
INSERT INTO `Empleados` (`cuit`, `nombre`, `apellido`, `fechaIngreso`, `idFarmacia`) VALUES (23, 'Katharina Corkery', 'Mayert', '2015-04-10', 6664);
INSERT INTO `Empleados` (`cuit`, `nombre`, `apellido`, `fechaIngreso`, `idFarmacia`) VALUES (28, 'Herbert Marks', 'Klein', '1979-11-11', 95);
INSERT INTO `Empleados` (`cuit`, `nombre`, `apellido`, `fechaIngreso`, `idFarmacia`) VALUES (34, 'Armando Lynch', 'Prohaska', '1975-04-09', 242);
INSERT INTO `Empleados` (`cuit`, `nombre`, `apellido`, `fechaIngreso`, `idFarmacia`) VALUES (37, 'Jolie Doyle', 'Adams', '1997-11-30', 67);
INSERT INTO `Empleados` (`cuit`, `nombre`, `apellido`, `fechaIngreso`, `idFarmacia`) VALUES (48, 'Dr. Oscar Murray', 'Gutmann', '1979-01-16', 837);
INSERT INTO `Empleados` (`cuit`, `nombre`, `apellido`, `fechaIngreso`, `idFarmacia`) VALUES (54, 'Dr. Alek Russel', 'Turner', '2005-12-02', 528849);
INSERT INTO `Empleados` (`cuit`, `nombre`, `apellido`, `fechaIngreso`, `idFarmacia`) VALUES (64, 'Mr. Eli Marquardt DVM', 'Predovic', '1986-03-24', 0);
INSERT INTO `Empleados` (`cuit`, `nombre`, `apellido`, `fechaIngreso`, `idFarmacia`) VALUES (69, 'Elody Dooley', 'Douglas', '1990-02-24', 4090344);
INSERT INTO `Empleados` (`cuit`, `nombre`, `apellido`, `fechaIngreso`, `idFarmacia`) VALUES (82, 'Dr. Vivianne Nienow', 'Oberbrunner', '2015-01-21', 34079716);
INSERT INTO `Empleados` (`cuit`, `nombre`, `apellido`, `fechaIngreso`, `idFarmacia`) VALUES (86, 'Sanford Oberbrunner', 'Hagenes', '2014-09-29', 407);
INSERT INTO `Empleados` (`cuit`, `nombre`, `apellido`, `fechaIngreso`, `idFarmacia`) VALUES (92, 'Ms. Rachel Fay V', 'Ebert', '1991-07-30', 6935778);
INSERT INTO `Empleados` (`cuit`, `nombre`, `apellido`, `fechaIngreso`, `idFarmacia`) VALUES (93, 'Prof. Harrison Gottlieb', 'Huel', '2015-04-30', 8);
INSERT INTO `Empleados` (`cuit`, `nombre`, `apellido`, `fechaIngreso`, `idFarmacia`) VALUES (95, 'Henry Raynor', 'Murphy', '2008-05-11', 263);
INSERT INTO `Empleados` (`cuit`, `nombre`, `apellido`, `fechaIngreso`, `idFarmacia`) VALUES (137, 'Barbara Kerluke', 'Schaefer', '1986-12-30', 31911323);
INSERT INTO `Empleados` (`cuit`, `nombre`, `apellido`, `fechaIngreso`, `idFarmacia`) VALUES (156, 'Mandy Morar', 'Parisian', '1986-10-10', 669);
INSERT INTO `Empleados` (`cuit`, `nombre`, `apellido`, `fechaIngreso`, `idFarmacia`) VALUES (277, 'Larry Schinner', 'Rowe', '2009-03-12', 33);
INSERT INTO `Empleados` (`cuit`, `nombre`, `apellido`, `fechaIngreso`, `idFarmacia`) VALUES (287, 'Bert Von MD', 'O\'Connell', '1995-04-11', 25);
INSERT INTO `Empleados` (`cuit`, `nombre`, `apellido`, `fechaIngreso`, `idFarmacia`) VALUES (360, 'Alexandria Kling', 'Bartell', '1978-09-10', 628076);
INSERT INTO `Empleados` (`cuit`, `nombre`, `apellido`, `fechaIngreso`, `idFarmacia`) VALUES (385, 'Rhea Wunsch', 'Cronin', '1971-12-26', 783);
INSERT INTO `Empleados` (`cuit`, `nombre`, `apellido`, `fechaIngreso`, `idFarmacia`) VALUES (415, 'Mose White', 'Langosh', '1978-05-19', 82);
INSERT INTO `Empleados` (`cuit`, `nombre`, `apellido`, `fechaIngreso`, `idFarmacia`) VALUES (418, 'Maggie Mitchell DVM', 'Okuneva', '1989-10-14', 910);
INSERT INTO `Empleados` (`cuit`, `nombre`, `apellido`, `fechaIngreso`, `idFarmacia`) VALUES (426, 'Elza Wyman II', 'Schaefer', '2010-03-26', 844);
INSERT INTO `Empleados` (`cuit`, `nombre`, `apellido`, `fechaIngreso`, `idFarmacia`) VALUES (595, 'Dr. Kenna Koelpin', 'Cummings', '1986-06-09', 1568);
INSERT INTO `Empleados` (`cuit`, `nombre`, `apellido`, `fechaIngreso`, `idFarmacia`) VALUES (603, 'Uriel Jacobson', 'Feest', '1999-12-07', 8412269);
INSERT INTO `Empleados` (`cuit`, `nombre`, `apellido`, `fechaIngreso`, `idFarmacia`) VALUES (794, 'Haven Schoen', 'Miller', '1981-07-17', 390);
INSERT INTO `Empleados` (`cuit`, `nombre`, `apellido`, `fechaIngreso`, `idFarmacia`) VALUES (949, 'Ellen Okuneva', 'Conn', '1990-10-11', 544803123);
INSERT INTO `Empleados` (`cuit`, `nombre`, `apellido`, `fechaIngreso`, `idFarmacia`) VALUES (1420, 'Margarete Maggio', 'Reinger', '2022-12-07', 334122329);
INSERT INTO `Empleados` (`cuit`, `nombre`, `apellido`, `fechaIngreso`, `idFarmacia`) VALUES (1579, 'Savannah Adams', 'Skiles', '1983-12-01', 501972);
INSERT INTO `Empleados` (`cuit`, `nombre`, `apellido`, `fechaIngreso`, `idFarmacia`) VALUES (1617, 'Jules Morar', 'Casper', '2021-11-22', 54);
INSERT INTO `Empleados` (`cuit`, `nombre`, `apellido`, `fechaIngreso`, `idFarmacia`) VALUES (1997, 'Mr. Nathan Senger Jr.', 'Moen', '2009-01-31', 893638799);
INSERT INTO `Empleados` (`cuit`, `nombre`, `apellido`, `fechaIngreso`, `idFarmacia`) VALUES (3844, 'Prof. Ray Kemmer Sr.', 'McDermott', '2020-08-06', 1589);
INSERT INTO `Empleados` (`cuit`, `nombre`, `apellido`, `fechaIngreso`, `idFarmacia`) VALUES (4661, 'Nadia Stokes', 'Kiehn', '2011-11-11', 637036);
INSERT INTO `Empleados` (`cuit`, `nombre`, `apellido`, `fechaIngreso`, `idFarmacia`) VALUES (4743, 'Mr. Charlie Rau II', 'Langosh', '2021-04-01', 7983);
INSERT INTO `Empleados` (`cuit`, `nombre`, `apellido`, `fechaIngreso`, `idFarmacia`) VALUES (8939, 'Prof. Santos Ryan', 'Hoeger', '2001-03-16', 2832);
INSERT INTO `Empleados` (`cuit`, `nombre`, `apellido`, `fechaIngreso`, `idFarmacia`) VALUES (9543, 'Antonia Howe', 'Effertz', '1987-07-27', 89277827);
INSERT INTO `Empleados` (`cuit`, `nombre`, `apellido`, `fechaIngreso`, `idFarmacia`) VALUES (10038, 'Miss Amely Wiegand IV', 'Hills', '2022-07-16', 118);
INSERT INTO `Empleados` (`cuit`, `nombre`, `apellido`, `fechaIngreso`, `idFarmacia`) VALUES (19158, 'London Beier DDS', 'Ruecker', '1992-01-07', 507);
INSERT INTO `Empleados` (`cuit`, `nombre`, `apellido`, `fechaIngreso`, `idFarmacia`) VALUES (29919, 'Mr. Skylar Bergnaum DVM', 'Lockman', '2010-07-04', 63504038);
INSERT INTO `Empleados` (`cuit`, `nombre`, `apellido`, `fechaIngreso`, `idFarmacia`) VALUES (39482, 'Danika Hauck Sr.', 'Brakus', '1976-05-31', 7);
INSERT INTO `Empleados` (`cuit`, `nombre`, `apellido`, `fechaIngreso`, `idFarmacia`) VALUES (40168, 'Buck Champlin MD', 'Boyer', '2002-10-13', 522);
INSERT INTO `Empleados` (`cuit`, `nombre`, `apellido`, `fechaIngreso`, `idFarmacia`) VALUES (40347, 'Hosea Effertz', 'Kohler', '2007-11-12', 41848);
INSERT INTO `Empleados` (`cuit`, `nombre`, `apellido`, `fechaIngreso`, `idFarmacia`) VALUES (51332, 'Samson Grant', 'Hane', '1986-10-07', 4);
INSERT INTO `Empleados` (`cuit`, `nombre`, `apellido`, `fechaIngreso`, `idFarmacia`) VALUES (79622, 'Dr. Tierra D\'Amore PhD', 'Fisher', '1999-06-18', 45181724);
INSERT INTO `Empleados` (`cuit`, `nombre`, `apellido`, `fechaIngreso`, `idFarmacia`) VALUES (81335, 'Miss Ruby DuBuque Sr.', 'Zulauf', '1989-10-04', 632);
INSERT INTO `Empleados` (`cuit`, `nombre`, `apellido`, `fechaIngreso`, `idFarmacia`) VALUES (96188, 'Dr. Chadd Hirthe', 'Kassulke', '1982-09-05', 13841016);
INSERT INTO `Empleados` (`cuit`, `nombre`, `apellido`, `fechaIngreso`, `idFarmacia`) VALUES (104358, 'Ken Larson', 'Haag', '2021-05-12', 91319237);
INSERT INTO `Empleados` (`cuit`, `nombre`, `apellido`, `fechaIngreso`, `idFarmacia`) VALUES (145750, 'Lester Thompson Jr.', 'Spinka', '2012-04-22', 41892307);
INSERT INTO `Empleados` (`cuit`, `nombre`, `apellido`, `fechaIngreso`, `idFarmacia`) VALUES (177479, 'Miss Noemy Lockman', 'Reichel', '1982-02-15', 554);
INSERT INTO `Empleados` (`cuit`, `nombre`, `apellido`, `fechaIngreso`, `idFarmacia`) VALUES (275578, 'Bartholome Pagac', 'Smitham', '2008-07-04', 224301);
INSERT INTO `Empleados` (`cuit`, `nombre`, `apellido`, `fechaIngreso`, `idFarmacia`) VALUES (587908, 'Isabelle Streich', 'Goodwin', '2015-08-28', 68782418);
INSERT INTO `Empleados` (`cuit`, `nombre`, `apellido`, `fechaIngreso`, `idFarmacia`) VALUES (632205, 'Dr. Chanel Hodkiewicz DDS', 'Towne', '2021-06-09', 91956252);
INSERT INTO `Empleados` (`cuit`, `nombre`, `apellido`, `fechaIngreso`, `idFarmacia`) VALUES (658660, 'Prof. Hailey Frami Sr.', 'Lubowitz', '1992-07-24', 44317712);
INSERT INTO `Empleados` (`cuit`, `nombre`, `apellido`, `fechaIngreso`, `idFarmacia`) VALUES (767037, 'Dr. Troy Wilderman', 'Hoeger', '1978-10-12', 9789);
INSERT INTO `Empleados` (`cuit`, `nombre`, `apellido`, `fechaIngreso`, `idFarmacia`) VALUES (775849, 'Alf Brakus', 'Russel', '1992-02-26', 928883243);
INSERT INTO `Empleados` (`cuit`, `nombre`, `apellido`, `fechaIngreso`, `idFarmacia`) VALUES (922411, 'Kim Cummings DDS', 'Wehner', '1987-03-08', 475089);
INSERT INTO `Empleados` (`cuit`, `nombre`, `apellido`, `fechaIngreso`, `idFarmacia`) VALUES (961867, 'Prof. Schuyler Torphy', 'Hirthe', '2016-05-14', 928038233);
INSERT INTO `Empleados` (`cuit`, `nombre`, `apellido`, `fechaIngreso`, `idFarmacia`) VALUES (2131691, 'Lavada Reynolds V', 'Torp', '1985-08-02', 3);
INSERT INTO `Empleados` (`cuit`, `nombre`, `apellido`, `fechaIngreso`, `idFarmacia`) VALUES (2466682, 'Mr. Baron Boyle V', 'Gulgowski', '2001-10-29', 797948);
INSERT INTO `Empleados` (`cuit`, `nombre`, `apellido`, `fechaIngreso`, `idFarmacia`) VALUES (4742048, 'Horacio McLaughlin', 'Kulas', '2003-06-11', 659020);
INSERT INTO `Empleados` (`cuit`, `nombre`, `apellido`, `fechaIngreso`, `idFarmacia`) VALUES (4919305, 'Prof. Khalil Johnson', 'Lebsack', '1993-08-09', 26683);
INSERT INTO `Empleados` (`cuit`, `nombre`, `apellido`, `fechaIngreso`, `idFarmacia`) VALUES (4957885, 'Ms. Augustine Strosin', 'VonRueden', '1997-04-01', 943);
INSERT INTO `Empleados` (`cuit`, `nombre`, `apellido`, `fechaIngreso`, `idFarmacia`) VALUES (5017752, 'Albina Ruecker', 'Kovacek', '2013-02-16', 57);
INSERT INTO `Empleados` (`cuit`, `nombre`, `apellido`, `fechaIngreso`, `idFarmacia`) VALUES (5033575, 'Stephan Kreiger', 'Boehm', '2018-02-19', 6253948);
INSERT INTO `Empleados` (`cuit`, `nombre`, `apellido`, `fechaIngreso`, `idFarmacia`) VALUES (6227923, 'Rowena Hammes', 'Moore', '2013-03-04', 77057);
INSERT INTO `Empleados` (`cuit`, `nombre`, `apellido`, `fechaIngreso`, `idFarmacia`) VALUES (7929344, 'Ms. Lorna Kovacek', 'Leuschke', '2001-04-22', 172);
INSERT INTO `Empleados` (`cuit`, `nombre`, `apellido`, `fechaIngreso`, `idFarmacia`) VALUES (9081409, 'Hal Reichert', 'Barrows', '1973-10-12', 5916);
INSERT INTO `Empleados` (`cuit`, `nombre`, `apellido`, `fechaIngreso`, `idFarmacia`) VALUES (9330118, 'Michel Block', 'Rice', '2012-08-09', 6946);
INSERT INTO `Empleados` (`cuit`, `nombre`, `apellido`, `fechaIngreso`, `idFarmacia`) VALUES (9667604, 'Dr. Candelario Bosco IV', 'West', '2008-08-22', 49923);
INSERT INTO `Empleados` (`cuit`, `nombre`, `apellido`, `fechaIngreso`, `idFarmacia`) VALUES (9855116, 'Kristin Muller', 'Donnelly', '1982-08-07', 626360692);
INSERT INTO `Empleados` (`cuit`, `nombre`, `apellido`, `fechaIngreso`, `idFarmacia`) VALUES (9968922, 'Neil Dietrich', 'Bogan', '2015-03-19', 82881);
INSERT INTO `Empleados` (`cuit`, `nombre`, `apellido`, `fechaIngreso`, `idFarmacia`) VALUES (9981012, 'Jada Langosh', 'Hartmann', '1985-01-05', 26);
INSERT INTO `Empleados` (`cuit`, `nombre`, `apellido`, `fechaIngreso`, `idFarmacia`) VALUES (28418182, 'Dr. Brown Leffler MD', 'Parisian', '1999-06-22', 71849761);
INSERT INTO `Empleados` (`cuit`, `nombre`, `apellido`, `fechaIngreso`, `idFarmacia`) VALUES (45514969, 'Matilda O\'Kon', 'Treutel', '2001-09-26', 397);
INSERT INTO `Empleados` (`cuit`, `nombre`, `apellido`, `fechaIngreso`, `idFarmacia`) VALUES (60672147, 'Lolita Stehr', 'Brown', '2000-04-14', 7578);
INSERT INTO `Empleados` (`cuit`, `nombre`, `apellido`, `fechaIngreso`, `idFarmacia`) VALUES (88056395, 'Otis Satterfield', 'Macejkovic', '2023-01-07', 113183626);
INSERT INTO `Empleados` (`cuit`, `nombre`, `apellido`, `fechaIngreso`, `idFarmacia`) VALUES (89952547, 'Anna Daugherty', 'Klein', '2005-03-09', 5885);
INSERT INTO `Empleados` (`cuit`, `nombre`, `apellido`, `fechaIngreso`, `idFarmacia`) VALUES (91761566, 'Miss Phyllis Marks DDS', 'Gottlieb', '1984-08-16', 11);
INSERT INTO `Empleados` (`cuit`, `nombre`, `apellido`, `fechaIngreso`, `idFarmacia`) VALUES (95833445, 'Dr. Chanel Haley', 'McGlynn', '1972-08-30', 8910);
INSERT INTO `Empleados` (`cuit`, `nombre`, `apellido`, `fechaIngreso`, `idFarmacia`) VALUES (97605914, 'Nyah Leuschke', 'Langworth', '1997-08-26', 142);
INSERT INTO `Empleados` (`cuit`, `nombre`, `apellido`, `fechaIngreso`, `idFarmacia`) VALUES (104222205, 'Jake Mraz', 'Daugherty', '1997-11-05', 99);
INSERT INTO `Empleados` (`cuit`, `nombre`, `apellido`, `fechaIngreso`, `idFarmacia`) VALUES (173417004, 'Angela Thompson', 'Champlin', '2002-09-20', 2489699);
INSERT INTO `Empleados` (`cuit`, `nombre`, `apellido`, `fechaIngreso`, `idFarmacia`) VALUES (280695247, 'Gabe Johnson', 'Ritchie', '2011-08-09', 564715615);
INSERT INTO `Empleados` (`cuit`, `nombre`, `apellido`, `fechaIngreso`, `idFarmacia`) VALUES (311617121, 'Dr. Phoebe Lindgren', 'Friesen', '2015-02-24', 6);
INSERT INTO `Empleados` (`cuit`, `nombre`, `apellido`, `fechaIngreso`, `idFarmacia`) VALUES (384584417, 'Delores O\'Keefe', 'Ziemann', '2014-12-26', 5562);
INSERT INTO `Empleados` (`cuit`, `nombre`, `apellido`, `fechaIngreso`, `idFarmacia`) VALUES (433521787, 'Prof. Hanna Wolf DVM', 'Kuphal', '2003-05-19', 791379);
INSERT INTO `Empleados` (`cuit`, `nombre`, `apellido`, `fechaIngreso`, `idFarmacia`) VALUES (489835450, 'Miss Syble Torp', 'Reynolds', '1983-01-26', 5445233);
INSERT INTO `Empleados` (`cuit`, `nombre`, `apellido`, `fechaIngreso`, `idFarmacia`) VALUES (571895102, 'Audrey McKenzie', 'Murazik', '1978-01-02', 738940438);
INSERT INTO `Empleados` (`cuit`, `nombre`, `apellido`, `fechaIngreso`, `idFarmacia`) VALUES (752019925, 'Dr. Hillary Orn DVM', 'Lynch', '2013-01-13', 570);





INSERT INTO `Laboratorios` (`cuitLab`, `razonSocial`, `idDireccion`) VALUES (0, 'Et dolorem adipisci odio sed rerum temporibus', 392);
INSERT INTO `Laboratorios` (`cuitLab`, `razonSocial`, `idDireccion`) VALUES (1, 'Est et voluptatem saepe omnis totam. Ipsum in', 5119);
INSERT INTO `Laboratorios` (`cuitLab`, `razonSocial`, `idDireccion`) VALUES (3, 'Quia laborum qui sint rerum voluptatum quia h', 362757);
INSERT INTO `Laboratorios` (`cuitLab`, `razonSocial`, `idDireccion`) VALUES (5, 'Voluptatem reiciendis cupiditate quibusdam as', 722);
INSERT INTO `Laboratorios` (`cuitLab`, `razonSocial`, `idDireccion`) VALUES (7, 'Similique quia veritatis quia aut aut eum aut', 40);
INSERT INTO `Laboratorios` (`cuitLab`, `razonSocial`, `idDireccion`) VALUES (9, 'Rerum et eaque molestiae qui vitae. Numquam s', 6);
INSERT INTO `Laboratorios` (`cuitLab`, `razonSocial`, `idDireccion`) VALUES (15, 'Molestiae eaque ex dignissimos est. Officia e', 59690);
INSERT INTO `Laboratorios` (`cuitLab`, `razonSocial`, `idDireccion`) VALUES (20, 'Illo accusamus et voluptatem et doloremque au', 932414);
INSERT INTO `Laboratorios` (`cuitLab`, `razonSocial`, `idDireccion`) VALUES (47, 'Et placeat totam facere. Deserunt sunt dolore', 4363);
INSERT INTO `Laboratorios` (`cuitLab`, `razonSocial`, `idDireccion`) VALUES (49, 'Est non velit assumenda molestias. Impedit se', 8444332);
INSERT INTO `Laboratorios` (`cuitLab`, `razonSocial`, `idDireccion`) VALUES (50, 'Pariatur consequuntur et doloremque qui fuga ', 42382);
INSERT INTO `Laboratorios` (`cuitLab`, `razonSocial`, `idDireccion`) VALUES (59, 'Voluptas enim vero numquam sint quam consequu', 6840);
INSERT INTO `Laboratorios` (`cuitLab`, `razonSocial`, `idDireccion`) VALUES (60, 'Explicabo veniam quo temporibus eaque dolorum', 7397179);
INSERT INTO `Laboratorios` (`cuitLab`, `razonSocial`, `idDireccion`) VALUES (61, 'Debitis et doloremque et minima. Omnis et mol', 83063644);
INSERT INTO `Laboratorios` (`cuitLab`, `razonSocial`, `idDireccion`) VALUES (64, 'Et cum aspernatur nam qui ratione autem sed. ', 628242464);
INSERT INTO `Laboratorios` (`cuitLab`, `razonSocial`, `idDireccion`) VALUES (80, 'Sunt fuga odio corporis ipsam. Unde enim cons', 30);
INSERT INTO `Laboratorios` (`cuitLab`, `razonSocial`, `idDireccion`) VALUES (90, 'Est rerum esse dolorum earum. Omnis quas dolo', 42);
INSERT INTO `Laboratorios` (`cuitLab`, `razonSocial`, `idDireccion`) VALUES (103, 'Aut aliquam qui similique quia occaecati ipsu', 8118);
INSERT INTO `Laboratorios` (`cuitLab`, `razonSocial`, `idDireccion`) VALUES (193, 'Explicabo quidem adipisci asperiores dolorem ', 8);
INSERT INTO `Laboratorios` (`cuitLab`, `razonSocial`, `idDireccion`) VALUES (205, 'Tempora voluptate qui placeat et voluptatibus', 974000);
INSERT INTO `Laboratorios` (`cuitLab`, `razonSocial`, `idDireccion`) VALUES (289, 'Architecto quod ad et sint. Similique ipsa a ', 954494363);
INSERT INTO `Laboratorios` (`cuitLab`, `razonSocial`, `idDireccion`) VALUES (443, 'Doloremque excepturi animi assumenda perferen', 507493879);
INSERT INTO `Laboratorios` (`cuitLab`, `razonSocial`, `idDireccion`) VALUES (510, 'Optio sunt illo quo aut. Id ea quos sunt inci', 325);
INSERT INTO `Laboratorios` (`cuitLab`, `razonSocial`, `idDireccion`) VALUES (522, 'Nobis voluptatum blanditiis nihil asperiores.', 152854624);
INSERT INTO `Laboratorios` (`cuitLab`, `razonSocial`, `idDireccion`) VALUES (553, 'Et quia enim quo dolore veniam possimus sed. ', 3887975);
INSERT INTO `Laboratorios` (`cuitLab`, `razonSocial`, `idDireccion`) VALUES (848, 'Voluptas esse sit architecto vel placeat susc', 13);
INSERT INTO `Laboratorios` (`cuitLab`, `razonSocial`, `idDireccion`) VALUES (2463, 'Omnis in repudiandae illo voluptatem. Possimu', 9327);
INSERT INTO `Laboratorios` (`cuitLab`, `razonSocial`, `idDireccion`) VALUES (5285, 'Dolores non rerum in maxime. Excepturi quo ve', 11729);
INSERT INTO `Laboratorios` (`cuitLab`, `razonSocial`, `idDireccion`) VALUES (7217, 'Voluptatem cum doloribus enim dolor nam. Veni', 771);
INSERT INTO `Laboratorios` (`cuitLab`, `razonSocial`, `idDireccion`) VALUES (7546, 'Fugit fugit itaque voluptatem sed. Et vero ip', 11388);
INSERT INTO `Laboratorios` (`cuitLab`, `razonSocial`, `idDireccion`) VALUES (8555, 'Quidem quas delectus consectetur voluptas sun', 42174054);
INSERT INTO `Laboratorios` (`cuitLab`, `razonSocial`, `idDireccion`) VALUES (13132, 'Repudiandae voluptas blanditiis et neque. Aut', 826583);
INSERT INTO `Laboratorios` (`cuitLab`, `razonSocial`, `idDireccion`) VALUES (17001, 'Magni animi harum non odio expedita neque inc', 91759207);
INSERT INTO `Laboratorios` (`cuitLab`, `razonSocial`, `idDireccion`) VALUES (18329, 'Quia repellendus non voluptas doloremque quos', 1);
INSERT INTO `Laboratorios` (`cuitLab`, `razonSocial`, `idDireccion`) VALUES (26404, 'Odit assumenda unde libero doloremque ut. Dol', 761440);
INSERT INTO `Laboratorios` (`cuitLab`, `razonSocial`, `idDireccion`) VALUES (27563, 'Quia doloribus omnis aliquid et voluptatum. R', 983);
INSERT INTO `Laboratorios` (`cuitLab`, `razonSocial`, `idDireccion`) VALUES (41317, 'Ut minus aliquid impedit autem qui dignissimo', 681390038);
INSERT INTO `Laboratorios` (`cuitLab`, `razonSocial`, `idDireccion`) VALUES (50426, 'Iste qui perferendis porro nihil aliquid ab e', 322315834);
INSERT INTO `Laboratorios` (`cuitLab`, `razonSocial`, `idDireccion`) VALUES (51209, 'Maxime ab ut voluptatem inventore. Ex dolorem', 389086800);
INSERT INTO `Laboratorios` (`cuitLab`, `razonSocial`, `idDireccion`) VALUES (53676, 'Voluptatem culpa commodi numquam ipsa incidun', 568);
INSERT INTO `Laboratorios` (`cuitLab`, `razonSocial`, `idDireccion`) VALUES (58808, 'Dolore alias hic sint et. Aperiam molestiae e', 6287728);
INSERT INTO `Laboratorios` (`cuitLab`, `razonSocial`, `idDireccion`) VALUES (73914, 'Labore ipsum omnis a harum quas. Quisquam ut ', 3);
INSERT INTO `Laboratorios` (`cuitLab`, `razonSocial`, `idDireccion`) VALUES (76714, 'Ad a eius molestiae qui quidem. Eligendi hic ', 55235799);
INSERT INTO `Laboratorios` (`cuitLab`, `razonSocial`, `idDireccion`) VALUES (78839, 'Quasi veniam ipsum quibusdam ad alias enim de', 233);
INSERT INTO `Laboratorios` (`cuitLab`, `razonSocial`, `idDireccion`) VALUES (83000, 'Vero molestiae voluptates animi facilis. Et s', 84);
INSERT INTO `Laboratorios` (`cuitLab`, `razonSocial`, `idDireccion`) VALUES (85210, 'Excepturi saepe officiis vero aut cupiditate ', 2759);
INSERT INTO `Laboratorios` (`cuitLab`, `razonSocial`, `idDireccion`) VALUES (93786, 'Sunt ipsa repellat debitis ducimus voluptatem', 823235079);
INSERT INTO `Laboratorios` (`cuitLab`, `razonSocial`, `idDireccion`) VALUES (96018, 'Repellendus omnis architecto voluptatem deser', 9443);
INSERT INTO `Laboratorios` (`cuitLab`, `razonSocial`, `idDireccion`) VALUES (108700, 'Neque modi magni cumque suscipit. In rerum re', 870735037);
INSERT INTO `Laboratorios` (`cuitLab`, `razonSocial`, `idDireccion`) VALUES (158366, 'Soluta et autem sit ratione. Voluptatem optio', 6773188);
INSERT INTO `Laboratorios` (`cuitLab`, `razonSocial`, `idDireccion`) VALUES (182360, 'Est repudiandae expedita ducimus occaecati. N', 70683500);
INSERT INTO `Laboratorios` (`cuitLab`, `razonSocial`, `idDireccion`) VALUES (260926, 'Iste rerum ullam recusandae omnis quidem quis', 26658);
INSERT INTO `Laboratorios` (`cuitLab`, `razonSocial`, `idDireccion`) VALUES (266254, 'Voluptatem alias quis sit at eius. Sapiente q', 23144);
INSERT INTO `Laboratorios` (`cuitLab`, `razonSocial`, `idDireccion`) VALUES (331203, 'Et delectus autem rem tempora adipisci possim', 46187064);
INSERT INTO `Laboratorios` (`cuitLab`, `razonSocial`, `idDireccion`) VALUES (379028, 'Similique provident soluta excepturi in illo ', 839);
INSERT INTO `Laboratorios` (`cuitLab`, `razonSocial`, `idDireccion`) VALUES (477157, 'Tempore rerum autem eos natus iusto. Et sequi', 72);
INSERT INTO `Laboratorios` (`cuitLab`, `razonSocial`, `idDireccion`) VALUES (532549, 'Aut fugiat quod iste facilis autem qui qui. N', 15);
INSERT INTO `Laboratorios` (`cuitLab`, `razonSocial`, `idDireccion`) VALUES (555568, 'Delectus et minima nesciunt libero. Quia qui ', 2974928);
INSERT INTO `Laboratorios` (`cuitLab`, `razonSocial`, `idDireccion`) VALUES (579585, 'Sit accusantium sint officia doloribus explic', 7);
INSERT INTO `Laboratorios` (`cuitLab`, `razonSocial`, `idDireccion`) VALUES (639603, 'Magnam nulla est architecto et reiciendis fac', 250716752);
INSERT INTO `Laboratorios` (`cuitLab`, `razonSocial`, `idDireccion`) VALUES (704215, 'Maxime earum tempora beatae. Rerum nihil veli', 419);
INSERT INTO `Laboratorios` (`cuitLab`, `razonSocial`, `idDireccion`) VALUES (714235, 'Dignissimos asperiores tempore et id et. Illu', 71);
INSERT INTO `Laboratorios` (`cuitLab`, `razonSocial`, `idDireccion`) VALUES (724360, 'At voluptas impedit et itaque magnam. Quasi a', 2244);
INSERT INTO `Laboratorios` (`cuitLab`, `razonSocial`, `idDireccion`) VALUES (746638, 'Qui dolor voluptas rem minima totam sint veli', 115);
INSERT INTO `Laboratorios` (`cuitLab`, `razonSocial`, `idDireccion`) VALUES (808427, 'Voluptatem autem nobis ex debitis sunt rerum ', 168527412);
INSERT INTO `Laboratorios` (`cuitLab`, `razonSocial`, `idDireccion`) VALUES (853494, 'Repellendus molestiae sint ut porro est nihil', 60263);
INSERT INTO `Laboratorios` (`cuitLab`, `razonSocial`, `idDireccion`) VALUES (968011, 'Vero eius cupiditate quas minus ab. Neque rer', 67);
INSERT INTO `Laboratorios` (`cuitLab`, `razonSocial`, `idDireccion`) VALUES (988794, 'Fuga fugiat commodi dolor consequatur ipsum. ', 8445392);
INSERT INTO `Laboratorios` (`cuitLab`, `razonSocial`, `idDireccion`) VALUES (1000687, 'Delectus quam distinctio temporibus ab nobis ', 2228);
INSERT INTO `Laboratorios` (`cuitLab`, `razonSocial`, `idDireccion`) VALUES (2986956, 'Nihil dolores sed nihil quasi accusantium. Co', 38677);
INSERT INTO `Laboratorios` (`cuitLab`, `razonSocial`, `idDireccion`) VALUES (3318628, 'Voluptatibus facere odit sed aliquid eos poss', 98496412);
INSERT INTO `Laboratorios` (`cuitLab`, `razonSocial`, `idDireccion`) VALUES (3909249, 'Sunt hic aut aliquid adipisci magni sequi. Ac', 974675977);
INSERT INTO `Laboratorios` (`cuitLab`, `razonSocial`, `idDireccion`) VALUES (4713458, 'Neque ex vitae commodi non. Est dolorem aut e', 0);
INSERT INTO `Laboratorios` (`cuitLab`, `razonSocial`, `idDireccion`) VALUES (5082373, 'Amet voluptas deleniti aut modi omnis a. Aspe', 23518);
INSERT INTO `Laboratorios` (`cuitLab`, `razonSocial`, `idDireccion`) VALUES (6187990, 'Non incidunt velit quisquam officiis deleniti', 982275);
INSERT INTO `Laboratorios` (`cuitLab`, `razonSocial`, `idDireccion`) VALUES (7275238, 'Officiis sit commodi et ipsa. Soluta dolorem ', 77327256);
INSERT INTO `Laboratorios` (`cuitLab`, `razonSocial`, `idDireccion`) VALUES (16367598, 'Quo sapiente qui consectetur vero est. Velit ', 679396732);
INSERT INTO `Laboratorios` (`cuitLab`, `razonSocial`, `idDireccion`) VALUES (45370895, 'Nisi quia quia voluptatem iste quis. Omnis na', 7357);
INSERT INTO `Laboratorios` (`cuitLab`, `razonSocial`, `idDireccion`) VALUES (52466189, 'Maxime molestias sunt id dolor dolorem est. Q', 697);
INSERT INTO `Laboratorios` (`cuitLab`, `razonSocial`, `idDireccion`) VALUES (52530153, 'Est atque consequatur omnis tenetur. Laudanti', 36623832);
INSERT INTO `Laboratorios` (`cuitLab`, `razonSocial`, `idDireccion`) VALUES (54519235, 'Voluptas et et eius omnis temporibus sint nih', 93061862);
INSERT INTO `Laboratorios` (`cuitLab`, `razonSocial`, `idDireccion`) VALUES (79926667, 'Vitae et voluptatum quia aut provident id. Si', 852);
INSERT INTO `Laboratorios` (`cuitLab`, `razonSocial`, `idDireccion`) VALUES (89715034, 'Quaerat quia iure fuga quis. Labore distincti', 342923);
INSERT INTO `Laboratorios` (`cuitLab`, `razonSocial`, `idDireccion`) VALUES (93357243, 'Architecto voluptatem iusto illo excepturi re', 3081);
INSERT INTO `Laboratorios` (`cuitLab`, `razonSocial`, `idDireccion`) VALUES (98133325, 'Labore non beatae facilis ratione sit eum. Et', 5786527);
INSERT INTO `Laboratorios` (`cuitLab`, `razonSocial`, `idDireccion`) VALUES (103471783, 'Aliquam quas et saepe quibusdam harum qui. Sa', 368204936);
INSERT INTO `Laboratorios` (`cuitLab`, `razonSocial`, `idDireccion`) VALUES (183610975, 'Neque est ipsa eius incidunt laboriosam tempo', 421);
INSERT INTO `Laboratorios` (`cuitLab`, `razonSocial`, `idDireccion`) VALUES (193135734, 'Id sit odit harum enim. Iusto temporibus numq', 36634157);
INSERT INTO `Laboratorios` (`cuitLab`, `razonSocial`, `idDireccion`) VALUES (233892683, 'Recusandae praesentium eos labore ex illo. Ni', 911);
INSERT INTO `Laboratorios` (`cuitLab`, `razonSocial`, `idDireccion`) VALUES (290392435, 'Enim praesentium ea rerum aut. Iusto voluptat', 184073186);
INSERT INTO `Laboratorios` (`cuitLab`, `razonSocial`, `idDireccion`) VALUES (406913869, 'Rem beatae et vel beatae et sint occaecati. A', 5586529);
INSERT INTO `Laboratorios` (`cuitLab`, `razonSocial`, `idDireccion`) VALUES (410789341, 'Eius delectus quis voluptatum earum assumenda', 60928);
INSERT INTO `Laboratorios` (`cuitLab`, `razonSocial`, `idDireccion`) VALUES (431713959, 'Quia eos et et ipsam eum eveniet architecto s', 22);
INSERT INTO `Laboratorios` (`cuitLab`, `razonSocial`, `idDireccion`) VALUES (529893287, 'Exercitationem iusto consequatur asperiores. ', 2253927);
INSERT INTO `Laboratorios` (`cuitLab`, `razonSocial`, `idDireccion`) VALUES (686329834, 'Hic molestiae corporis aperiam aperiam magni ', 3635);
INSERT INTO `Laboratorios` (`cuitLab`, `razonSocial`, `idDireccion`) VALUES (803061015, 'Omnis repellat hic iure aut labore assumenda ', 86050938);
INSERT INTO `Laboratorios` (`cuitLab`, `razonSocial`, `idDireccion`) VALUES (809028726, 'Esse dolor dolore aliquid ipsa ipsum fugit ip', 1278862);
INSERT INTO `Laboratorios` (`cuitLab`, `razonSocial`, `idDireccion`) VALUES (841167071, 'Nemo harum culpa consectetur dolorem perferen', 834633);
INSERT INTO `Laboratorios` (`cuitLab`, `razonSocial`, `idDireccion`) VALUES (944358105, 'Asperiores sequi maxime rerum adipisci necess', 653609);
INSERT INTO `Laboratorios` (`cuitLab`, `razonSocial`, `idDireccion`) VALUES (973607735, 'Culpa et quos laudantium temporibus. Et non q', 650);





INSERT INTO `Ingresos` (`idDeposito`, `cuitLab`, `idIngreso`, `fechaIngreso`, `estado`, `cuitTransportista`) VALUES (0, 0, 0, '2022-02-08', '4', 0);
INSERT INTO `Ingresos` (`idDeposito`, `cuitLab`, `idIngreso`, `fechaIngreso`, `estado`, `cuitTransportista`) VALUES (2, 3, 1, '1991-06-26', '2', 2);
INSERT INTO `Ingresos` (`idDeposito`, `cuitLab`, `idIngreso`, `fechaIngreso`, `estado`, `cuitTransportista`) VALUES (71783, 96018, 2, '1992-12-31', '8', 20844);
INSERT INTO `Ingresos` (`idDeposito`, `cuitLab`, `idIngreso`, `fechaIngreso`, `estado`, `cuitTransportista`) VALUES (563497, 555568, 3, '1978-01-27', '2', 218705);
INSERT INTO `Ingresos` (`idDeposito`, `cuitLab`, `idIngreso`, `fechaIngreso`, `estado`, `cuitTransportista`) VALUES (463, 522, 5, '1993-08-30', '8', 81);
INSERT INTO `Ingresos` (`idDeposito`, `cuitLab`, `idIngreso`, `fechaIngreso`, `estado`, `cuitTransportista`) VALUES (6919388, 3318628, 6, '1984-02-25', '5', 3551084);
INSERT INTO `Ingresos` (`idDeposito`, `cuitLab`, `idIngreso`, `fechaIngreso`, `estado`, `cuitTransportista`) VALUES (322, 443, 7, '2018-07-25', '6', 64);
INSERT INTO `Ingresos` (`idDeposito`, `cuitLab`, `idIngreso`, `fechaIngreso`, `estado`, `cuitTransportista`) VALUES (97573, 331203, 8, '1994-12-08', '6', 92212);
INSERT INTO `Ingresos` (`idDeposito`, `cuitLab`, `idIngreso`, `fechaIngreso`, `estado`, `cuitTransportista`) VALUES (90939019, 103471783, 26, '1970-02-26', '1', 9829327);
INSERT INTO `Ingresos` (`idDeposito`, `cuitLab`, `idIngreso`, `fechaIngreso`, `estado`, `cuitTransportista`) VALUES (891051439, 841167071, 29, '1987-12-30', '3', 411205311);
INSERT INTO `Ingresos` (`idDeposito`, `cuitLab`, `idIngreso`, `fechaIngreso`, `estado`, `cuitTransportista`) VALUES (804051, 714235, 31, '2004-10-12', '7', 510384);
INSERT INTO `Ingresos` (`idDeposito`, `cuitLab`, `idIngreso`, `fechaIngreso`, `estado`, `cuitTransportista`) VALUES (356762396, 406913869, 37, '2012-05-10', '8', 69391858);
INSERT INTO `Ingresos` (`idDeposito`, `cuitLab`, `idIngreso`, `fechaIngreso`, `estado`, `cuitTransportista`) VALUES (7656775, 3909249, 52, '1993-11-16', '2', 4516138);
INSERT INTO `Ingresos` (`idDeposito`, `cuitLab`, `idIngreso`, `fechaIngreso`, `estado`, `cuitTransportista`) VALUES (79832, 108700, 55, '2009-10-09', '3', 28004);
INSERT INTO `Ingresos` (`idDeposito`, `cuitLab`, `idIngreso`, `fechaIngreso`, `estado`, `cuitTransportista`) VALUES (399918, 532549, 60, '2013-11-06', '2', 139020);
INSERT INTO `Ingresos` (`idDeposito`, `cuitLab`, `idIngreso`, `fechaIngreso`, `estado`, `cuitTransportista`) VALUES (46, 59, 68, '2018-07-10', '5', 29);
INSERT INTO `Ingresos` (`idDeposito`, `cuitLab`, `idIngreso`, `fechaIngreso`, `estado`, `cuitTransportista`) VALUES (264, 205, 71, '1989-04-03', '3', 56);
INSERT INTO `Ingresos` (`idDeposito`, `cuitLab`, `idIngreso`, `fechaIngreso`, `estado`, `cuitTransportista`) VALUES (82747415, 98133325, 95, '1991-06-15', '1', 9613014);
INSERT INTO `Ingresos` (`idDeposito`, `cuitLab`, `idIngreso`, `fechaIngreso`, `estado`, `cuitTransportista`) VALUES (8, 20, 208, '2011-08-16', '9', 8);
INSERT INTO `Ingresos` (`idDeposito`, `cuitLab`, `idIngreso`, `fechaIngreso`, `estado`, `cuitTransportista`) VALUES (12952407, 16367598, 263, '1973-11-24', '2', 6582241);
INSERT INTO `Ingresos` (`idDeposito`, `cuitLab`, `idIngreso`, `fechaIngreso`, `estado`, `cuitTransportista`) VALUES (51, 60, 377, '1972-07-23', '4', 30);
INSERT INTO `Ingresos` (`idDeposito`, `cuitLab`, `idIngreso`, `fechaIngreso`, `estado`, `cuitTransportista`) VALUES (8883024, 6187990, 514, '1982-11-09', '7', 6043058);
INSERT INTO `Ingresos` (`idDeposito`, `cuitLab`, `idIngreso`, `fechaIngreso`, `estado`, `cuitTransportista`) VALUES (5286504, 2986956, 515, '1978-02-10', '3', 2688149);
INSERT INTO `Ingresos` (`idDeposito`, `cuitLab`, `idIngreso`, `fechaIngreso`, `estado`, `cuitTransportista`) VALUES (2036985, 746638, 580, '1997-06-10', '2', 808469);
INSERT INTO `Ingresos` (`idDeposito`, `cuitLab`, `idIngreso`, `fechaIngreso`, `estado`, `cuitTransportista`) VALUES (99656652, 183610975, 673, '1978-01-02', '4', 31885346);
INSERT INTO `Ingresos` (`idDeposito`, `cuitLab`, `idIngreso`, `fechaIngreso`, `estado`, `cuitTransportista`) VALUES (193368558, 193135734, 806, '1984-12-16', '5', 39713004);
INSERT INTO `Ingresos` (`idDeposito`, `cuitLab`, `idIngreso`, `fechaIngreso`, `estado`, `cuitTransportista`) VALUES (11, 49, 896, '1992-04-04', '9', 22);
INSERT INTO `Ingresos` (`idDeposito`, `cuitLab`, `idIngreso`, `fechaIngreso`, `estado`, `cuitTransportista`) VALUES (62, 80, 1754, '2008-11-13', '5', 46);
INSERT INTO `Ingresos` (`idDeposito`, `cuitLab`, `idIngreso`, `fechaIngreso`, `estado`, `cuitTransportista`) VALUES (771138, 704215, 1837, '1997-01-18', '2', 468699);
INSERT INTO `Ingresos` (`idDeposito`, `cuitLab`, `idIngreso`, `fechaIngreso`, `estado`, `cuitTransportista`) VALUES (3, 5, 2179, '2003-08-23', '5', 3);
INSERT INTO `Ingresos` (`idDeposito`, `cuitLab`, `idIngreso`, `fechaIngreso`, `estado`, `cuitTransportista`) VALUES (84779, 158366, 2236, '2015-08-03', '9', 58255);
INSERT INTO `Ingresos` (`idDeposito`, `cuitLab`, `idIngreso`, `fechaIngreso`, `estado`, `cuitTransportista`) VALUES (3504783, 968011, 4582, '1987-10-19', '6', 979564);
INSERT INTO `Ingresos` (`idDeposito`, `cuitLab`, `idIngreso`, `fechaIngreso`, `estado`, `cuitTransportista`) VALUES (539755479, 529893287, 6497, '1979-08-09', '6', 90961481);
INSERT INTO `Ingresos` (`idDeposito`, `cuitLab`, `idIngreso`, `fechaIngreso`, `estado`, `cuitTransportista`) VALUES (2173801, 808427, 6509, '1986-03-14', '2', 917477);
INSERT INTO `Ingresos` (`idDeposito`, `cuitLab`, `idIngreso`, `fechaIngreso`, `estado`, `cuitTransportista`) VALUES (95260, 260926, 6511, '2015-06-26', '8', 68903);
INSERT INTO `Ingresos` (`idDeposito`, `cuitLab`, `idIngreso`, `fechaIngreso`, `estado`, `cuitTransportista`) VALUES (1, 1, 8119, '1999-10-15', '4', 1);
INSERT INTO `Ingresos` (`idDeposito`, `cuitLab`, `idIngreso`, `fechaIngreso`, `estado`, `cuitTransportista`) VALUES (967994185, 973607735, 8531, '1983-03-26', '6', 784045103);
INSERT INTO `Ingresos` (`idDeposito`, `cuitLab`, `idIngreso`, `fechaIngreso`, `estado`, `cuitTransportista`) VALUES (6011, 26404, 8687, '1994-09-17', '3', 679);
INSERT INTO `Ingresos` (`idDeposito`, `cuitLab`, `idIngreso`, `fechaIngreso`, `estado`, `cuitTransportista`) VALUES (5, 9, 8933, '2018-01-08', '9', 6);
INSERT INTO `Ingresos` (`idDeposito`, `cuitLab`, `idIngreso`, `fechaIngreso`, `estado`, `cuitTransportista`) VALUES (85639, 182360, 9232, '2010-02-11', '6', 66115);
INSERT INTO `Ingresos` (`idDeposito`, `cuitLab`, `idIngreso`, `fechaIngreso`, `estado`, `cuitTransportista`) VALUES (33459837, 52466189, 10506, '2003-12-12', '4', 7015772);
INSERT INTO `Ingresos` (`idDeposito`, `cuitLab`, `idIngreso`, `fechaIngreso`, `estado`, `cuitTransportista`) VALUES (596260933, 803061015, 26466, '2005-07-29', '3', 297312697);
INSERT INTO `Ingresos` (`idDeposito`, `cuitLab`, `idIngreso`, `fechaIngreso`, `estado`, `cuitTransportista`) VALUES (2946, 17001, 35424, '2001-07-05', '7', 620);
INSERT INTO `Ingresos` (`idDeposito`, `cuitLab`, `idIngreso`, `fechaIngreso`, `estado`, `cuitTransportista`) VALUES (67, 90, 36729, '1992-11-06', '8', 50);
INSERT INTO `Ingresos` (`idDeposito`, `cuitLab`, `idIngreso`, `fechaIngreso`, `estado`, `cuitTransportista`) VALUES (8063692, 4713458, 39785, '2011-12-20', '1', 4836144);
INSERT INTO `Ingresos` (`idDeposito`, `cuitLab`, `idIngreso`, `fechaIngreso`, `estado`, `cuitTransportista`) VALUES (976, 7546, 39914, '1971-07-26', '6', 454);
INSERT INTO `Ingresos` (`idDeposito`, `cuitLab`, `idIngreso`, `fechaIngreso`, `estado`, `cuitTransportista`) VALUES (391787990, 410789341, 59432, '2015-09-29', '6', 80460593);
INSERT INTO `Ingresos` (`idDeposito`, `cuitLab`, `idIngreso`, `fechaIngreso`, `estado`, `cuitTransportista`) VALUES (9, 47, 68990, '1971-02-19', '4', 9);
INSERT INTO `Ingresos` (`idDeposito`, `cuitLab`, `idIngreso`, `fechaIngreso`, `estado`, `cuitTransportista`) VALUES (654, 553, 69129, '2015-01-17', '3', 257);
INSERT INTO `Ingresos` (`idDeposito`, `cuitLab`, `idIngreso`, `fechaIngreso`, `estado`, `cuitTransportista`) VALUES (97551, 266254, 84333, '1981-08-14', '1', 75555);
INSERT INTO `Ingresos` (`idDeposito`, `cuitLab`, `idIngreso`, `fechaIngreso`, `estado`, `cuitTransportista`) VALUES (253534243, 233892683, 86394, '2016-11-14', '2', 42413786);
INSERT INTO `Ingresos` (`idDeposito`, `cuitLab`, `idIngreso`, `fechaIngreso`, `estado`, `cuitTransportista`) VALUES (723, 848, 93103, '1995-07-07', '9', 288);
INSERT INTO `Ingresos` (`idDeposito`, `cuitLab`, `idIngreso`, `fechaIngreso`, `estado`, `cuitTransportista`) VALUES (594250, 579585, 137261, '2015-11-29', '4', 257738);
INSERT INTO `Ingresos` (`idDeposito`, `cuitLab`, `idIngreso`, `fechaIngreso`, `estado`, `cuitTransportista`) VALUES (79223256, 89715034, 153656, '2008-02-21', '9', 8562685);
INSERT INTO `Ingresos` (`idDeposito`, `cuitLab`, `idIngreso`, `fechaIngreso`, `estado`, `cuitTransportista`) VALUES (871415336, 809028726, 204935, '2022-11-29', '4', 324548800);
INSERT INTO `Ingresos` (`idDeposito`, `cuitLab`, `idIngreso`, `fechaIngreso`, `estado`, `cuitTransportista`) VALUES (4015, 18329, 261756, '2005-11-20', '7', 641);
INSERT INTO `Ingresos` (`idDeposito`, `cuitLab`, `idIngreso`, `fechaIngreso`, `estado`, `cuitTransportista`) VALUES (225764, 379028, 432047, '1990-10-25', '8', 93647);
INSERT INTO `Ingresos` (`idDeposito`, `cuitLab`, `idIngreso`, `fechaIngreso`, `estado`, `cuitTransportista`) VALUES (967429948, 944358105, 465688, '2001-11-09', '3', 633332825);
INSERT INTO `Ingresos` (`idDeposito`, `cuitLab`, `idIngreso`, `fechaIngreso`, `estado`, `cuitTransportista`) VALUES (80, 103, 474097, '1996-08-30', '7', 52);
INSERT INTO `Ingresos` (`idDeposito`, `cuitLab`, `idIngreso`, `fechaIngreso`, `estado`, `cuitTransportista`) VALUES (40023, 78839, 514078, '1984-08-01', '9', 7879);
INSERT INTO `Ingresos` (`idDeposito`, `cuitLab`, `idIngreso`, `fechaIngreso`, `estado`, `cuitTransportista`) VALUES (4126220, 988794, 685745, '1987-06-27', '6', 1010375);
INSERT INTO `Ingresos` (`idDeposito`, `cuitLab`, `idIngreso`, `fechaIngreso`, `estado`, `cuitTransportista`) VALUES (2543720, 853494, 2444581, '1996-10-25', '5', 978958);
INSERT INTO `Ingresos` (`idDeposito`, `cuitLab`, `idIngreso`, `fechaIngreso`, `estado`, `cuitTransportista`) VALUES (640090, 639603, 3030967, '1980-11-14', '5', 402218);
INSERT INTO `Ingresos` (`idDeposito`, `cuitLab`, `idIngreso`, `fechaIngreso`, `estado`, `cuitTransportista`) VALUES (1260, 8555, 3094725, '2010-08-24', '7', 477);
INSERT INTO `Ingresos` (`idDeposito`, `cuitLab`, `idIngreso`, `fechaIngreso`, `estado`, `cuitTransportista`) VALUES (9765444, 7275238, 5553829, '2017-12-11', '4', 6442982);
INSERT INTO `Ingresos` (`idDeposito`, `cuitLab`, `idIngreso`, `fechaIngreso`, `estado`, `cuitTransportista`) VALUES (10082, 73914, 5600830, '1982-02-13', '6', 3926);
INSERT INTO `Ingresos` (`idDeposito`, `cuitLab`, `idIngreso`, `fechaIngreso`, `estado`, `cuitTransportista`) VALUES (233977, 477157, 5605825, '2023-04-27', '8', 99752);
INSERT INTO `Ingresos` (`idDeposito`, `cuitLab`, `idIngreso`, `fechaIngreso`, `estado`, `cuitTransportista`) VALUES (390, 510, 9594935, '2019-08-01', '9', 71);
INSERT INTO `Ingresos` (`idDeposito`, `cuitLab`, `idIngreso`, `fechaIngreso`, `estado`, `cuitTransportista`) VALUES (61, 64, 10282353, '1984-05-18', '9', 36);
INSERT INTO `Ingresos` (`idDeposito`, `cuitLab`, `idIngreso`, `fechaIngreso`, `estado`, `cuitTransportista`) VALUES (956, 7217, 20378323, '2000-04-12', '7', 450);
INSERT INTO `Ingresos` (`idDeposito`, `cuitLab`, `idIngreso`, `fechaIngreso`, `estado`, `cuitTransportista`) VALUES (4527572, 1000687, 25530468, '2003-02-18', '5', 1549423);
INSERT INTO `Ingresos` (`idDeposito`, `cuitLab`, `idIngreso`, `fechaIngreso`, `estado`, `cuitTransportista`) VALUES (9162, 53676, 52949810, '2002-09-06', '6', 1825);
INSERT INTO `Ingresos` (`idDeposito`, `cuitLab`, `idIngreso`, `fechaIngreso`, `estado`, `cuitTransportista`) VALUES (6356, 27563, 70984654, '1995-10-24', '2', 710);
INSERT INTO `Ingresos` (`idDeposito`, `cuitLab`, `idIngreso`, `fechaIngreso`, `estado`, `cuitTransportista`) VALUES (80546129, 93357243, 80629936, '1972-07-23', '8', 9048782);
INSERT INTO `Ingresos` (`idDeposito`, `cuitLab`, `idIngreso`, `fechaIngreso`, `estado`, `cuitTransportista`) VALUES (883, 5285, 80935658, '1976-09-17', '4', 392);
INSERT INTO `Ingresos` (`idDeposito`, `cuitLab`, `idIngreso`, `fechaIngreso`, `estado`, `cuitTransportista`) VALUES (982460, 724360, 82344236, '1981-01-23', '8', 556878);
INSERT INTO `Ingresos` (`idDeposito`, `cuitLab`, `idIngreso`, `fechaIngreso`, `estado`, `cuitTransportista`) VALUES (271949790, 290392435, 84735564, '1990-12-12', '1', 57870897);
INSERT INTO `Ingresos` (`idDeposito`, `cuitLab`, `idIngreso`, `fechaIngreso`, `estado`, `cuitTransportista`) VALUES (38365700, 52530153, 93328240, '2009-03-16', '8', 8047367);
INSERT INTO `Ingresos` (`idDeposito`, `cuitLab`, `idIngreso`, `fechaIngreso`, `estado`, `cuitTransportista`) VALUES (4, 7, 98740780, '1997-02-20', '1', 4);
INSERT INTO `Ingresos` (`idDeposito`, `cuitLab`, `idIngreso`, `fechaIngreso`, `estado`, `cuitTransportista`) VALUES (8179, 50426, 125699381, '2007-11-17', '5', 914);
INSERT INTO `Ingresos` (`idDeposito`, `cuitLab`, `idIngreso`, `fechaIngreso`, `estado`, `cuitTransportista`) VALUES (9402, 58808, 172315968, '1975-03-22', '2', 3602);
INSERT INTO `Ingresos` (`idDeposito`, `cuitLab`, `idIngreso`, `fechaIngreso`, `estado`, `cuitTransportista`) VALUES (24584476, 45370895, 185188210, '1970-07-17', '2', 6766157);
INSERT INTO `Ingresos` (`idDeposito`, `cuitLab`, `idIngreso`, `fechaIngreso`, `estado`, `cuitTransportista`) VALUES (56530386, 54519235, 206268314, '2014-02-25', '5', 8321652);
INSERT INTO `Ingresos` (`idDeposito`, `cuitLab`, `idIngreso`, `fechaIngreso`, `estado`, `cuitTransportista`) VALUES (7143, 41317, 237906898, '2005-11-11', '2', 811);
INSERT INTO `Ingresos` (`idDeposito`, `cuitLab`, `idIngreso`, `fechaIngreso`, `estado`, `cuitTransportista`) VALUES (830, 2463, 247993542, '2003-01-09', '3', 298);
INSERT INTO `Ingresos` (`idDeposito`, `cuitLab`, `idIngreso`, `fechaIngreso`, `estado`, `cuitTransportista`) VALUES (7, 15, 284537653, '1989-06-08', '9', 7);
INSERT INTO `Ingresos` (`idDeposito`, `cuitLab`, `idIngreso`, `fechaIngreso`, `estado`, `cuitTransportista`) VALUES (8509689, 5082373, 286855154, '1997-12-06', '5', 5623996);
INSERT INTO `Ingresos` (`idDeposito`, `cuitLab`, `idIngreso`, `fechaIngreso`, `estado`, `cuitTransportista`) VALUES (42193, 83000, 531507615, '1995-10-21', '4', 8304);
INSERT INTO `Ingresos` (`idDeposito`, `cuitLab`, `idIngreso`, `fechaIngreso`, `estado`, `cuitTransportista`) VALUES (2571, 13132, 532055065, '1982-03-05', '2', 572);
INSERT INTO `Ingresos` (`idDeposito`, `cuitLab`, `idIngreso`, `fechaIngreso`, `estado`, `cuitTransportista`) VALUES (424798180, 431713959, 595754347, '2016-09-22', '8', 85817761);
INSERT INTO `Ingresos` (`idDeposito`, `cuitLab`, `idIngreso`, `fechaIngreso`, `estado`, `cuitTransportista`) VALUES (46061, 85210, 610450575, '1977-02-18', '3', 8998);
INSERT INTO `Ingresos` (`idDeposito`, `cuitLab`, `idIngreso`, `fechaIngreso`, `estado`, `cuitTransportista`) VALUES (52, 61, 611647697, '2001-02-01', '2', 32);
INSERT INTO `Ingresos` (`idDeposito`, `cuitLab`, `idIngreso`, `fechaIngreso`, `estado`, `cuitTransportista`) VALUES (272, 289, 633409374, '1989-08-21', '6', 58);
INSERT INTO `Ingresos` (`idDeposito`, `cuitLab`, `idIngreso`, `fechaIngreso`, `estado`, `cuitTransportista`) VALUES (66467, 93786, 686433141, '2015-10-05', '8', 9067);
INSERT INTO `Ingresos` (`idDeposito`, `cuitLab`, `idIngreso`, `fechaIngreso`, `estado`, `cuitTransportista`) VALUES (37034, 76714, 824972166, '2012-05-15', '5', 5087);
INSERT INTO `Ingresos` (`idDeposito`, `cuitLab`, `idIngreso`, `fechaIngreso`, `estado`, `cuitTransportista`) VALUES (8401, 51209, 845506276, '1977-06-03', '2', 1139);
INSERT INTO `Ingresos` (`idDeposito`, `cuitLab`, `idIngreso`, `fechaIngreso`, `estado`, `cuitTransportista`) VALUES (561607438, 686329834, 901663602, '1980-06-19', '8', 143109307);
INSERT INTO `Ingresos` (`idDeposito`, `cuitLab`, `idIngreso`, `fechaIngreso`, `estado`, `cuitTransportista`) VALUES (84, 193, 911951210, '2007-01-24', '8', 54);
INSERT INTO `Ingresos` (`idDeposito`, `cuitLab`, `idIngreso`, `fechaIngreso`, `estado`, `cuitTransportista`) VALUES (24, 50, 923643794, '2013-09-07', '8', 25);
INSERT INTO `Ingresos` (`idDeposito`, `cuitLab`, `idIngreso`, `fechaIngreso`, `estado`, `cuitTransportista`) VALUES (64717829, 79926667, 962237017, '1989-08-30', '8', 8335936);


###################################################################################################################
###################################################################################################################
###################################################################################################################


INSERT INTO `Medicamentos` (`idMedicamento`, `descripcion`, `presentacion`, `precio`) VALUES (0, 'Dormouse, who was trembling down to nine inch', 'r', 7);
INSERT INTO `Medicamentos` (`idMedicamento`, `descripcion`, `presentacion`, `precio`) VALUES (1, 'Alice. \'Come, let\'s try Geography. London is ', 'd', 86377909);
INSERT INTO `Medicamentos` (`idMedicamento`, `descripcion`, `presentacion`, `precio`) VALUES (3, 'WOULD put their heads downward! The Antipathi', 'l', 926917338);
INSERT INTO `Medicamentos` (`idMedicamento`, `descripcion`, `presentacion`, `precio`) VALUES (4, 'Stigand, the patriotic archbishop of Canterbu', 'g', 6548);
INSERT INTO `Medicamentos` (`idMedicamento`, `descripcion`, `presentacion`, `precio`) VALUES (5, 'These were the verses to himself: \'\"WE KNOW I', 'a', 9417907);
INSERT INTO `Medicamentos` (`idMedicamento`, `descripcion`, `presentacion`, `precio`) VALUES (6, 'Alice; and Alice could only see her. She is s', 'q', 5169);
INSERT INTO `Medicamentos` (`idMedicamento`, `descripcion`, `presentacion`, `precio`) VALUES (9, 'Queen put on your head-- Do you think, at you', 'q', 65272436);
INSERT INTO `Medicamentos` (`idMedicamento`, `descripcion`, `presentacion`, `precio`) VALUES (11, 'Dormouse crossed the court, by the time he wa', 'j', 697091);
INSERT INTO `Medicamentos` (`idMedicamento`, `descripcion`, `presentacion`, `precio`) VALUES (12, 'Mouse, getting up and say \"Who am I to get to', 'f', 49);
INSERT INTO `Medicamentos` (`idMedicamento`, `descripcion`, `presentacion`, `precio`) VALUES (18, 'Dormouse: \'not in that case I can guess that,', 'k', 256);
INSERT INTO `Medicamentos` (`idMedicamento`, `descripcion`, `presentacion`, `precio`) VALUES (41, 'Mock Turtle said: \'no wise fish would go anyw', 's', 9658135);
INSERT INTO `Medicamentos` (`idMedicamento`, `descripcion`, `presentacion`, `precio`) VALUES (64, 'Alice a good deal frightened by this time, as', 'm', 3650406);
INSERT INTO `Medicamentos` (`idMedicamento`, `descripcion`, `presentacion`, `precio`) VALUES (69, 'Alice looked round, eager to see if she had n', 's', 9);
INSERT INTO `Medicamentos` (`idMedicamento`, `descripcion`, `presentacion`, `precio`) VALUES (70, 'Bill\'s place for a moment to be trampled unde', 't', 9);
INSERT INTO `Medicamentos` (`idMedicamento`, `descripcion`, `presentacion`, `precio`) VALUES (74, 'I must have a prize herself, you know,\' the H', 'h', 175339085);
INSERT INTO `Medicamentos` (`idMedicamento`, `descripcion`, `presentacion`, `precio`) VALUES (77, 'King, \'and don\'t be nervous, or I\'ll kick you', 'w', 92);
INSERT INTO `Medicamentos` (`idMedicamento`, `descripcion`, `presentacion`, `precio`) VALUES (86, 'Alice started to her ear. \'You\'re thinking ab', 'v', 45432);
INSERT INTO `Medicamentos` (`idMedicamento`, `descripcion`, `presentacion`, `precio`) VALUES (92, 'White Rabbit. She was close behind it when sh', 'i', 221);
INSERT INTO `Medicamentos` (`idMedicamento`, `descripcion`, `presentacion`, `precio`) VALUES (125, 'Alice; \'that\'s not at all what had become of ', 'x', 7898);
INSERT INTO `Medicamentos` (`idMedicamento`, `descripcion`, `presentacion`, `precio`) VALUES (442, 'And so she turned away. \'Come back!\' the Cate', 'i', 405);
INSERT INTO `Medicamentos` (`idMedicamento`, `descripcion`, `presentacion`, `precio`) VALUES (475, 'I must sugar my hair.\" As a duck with its eye', 'u', 7);
INSERT INTO `Medicamentos` (`idMedicamento`, `descripcion`, `presentacion`, `precio`) VALUES (532, 'Mock Turtle; \'but it seems to like her, down ', 'f', 542396567);
INSERT INTO `Medicamentos` (`idMedicamento`, `descripcion`, `presentacion`, `precio`) VALUES (549, 'King very decidedly, and the bright flower-be', 'f', 59);
INSERT INTO `Medicamentos` (`idMedicamento`, `descripcion`, `presentacion`, `precio`) VALUES (730, 'I suppose.\' So she sat down and looked at Ali', 'g', 0);
INSERT INTO `Medicamentos` (`idMedicamento`, `descripcion`, `presentacion`, `precio`) VALUES (754, 'Duchess replied, in a deep voice, \'What are t', 'i', 91106);
INSERT INTO `Medicamentos` (`idMedicamento`, `descripcion`, `presentacion`, `precio`) VALUES (890, 'I\'m perfectly sure I can\'t put it more clearl', 'd', 0);
INSERT INTO `Medicamentos` (`idMedicamento`, `descripcion`, `presentacion`, `precio`) VALUES (985, 'Alice called out as loud as she added, \'and t', 'k', 7055);
INSERT INTO `Medicamentos` (`idMedicamento`, `descripcion`, `presentacion`, `precio`) VALUES (1499, 'Alice, and tried to curtsey as she could for ', 'o', 735470766);
INSERT INTO `Medicamentos` (`idMedicamento`, `descripcion`, `presentacion`, `precio`) VALUES (1630, 'Alice for protection. \'You shan\'t be beheaded', 'm', 969485);
INSERT INTO `Medicamentos` (`idMedicamento`, `descripcion`, `presentacion`, `precio`) VALUES (3102, 'The Panther took pie-crust, and gravy, and me', 'w', 18);
INSERT INTO `Medicamentos` (`idMedicamento`, `descripcion`, `presentacion`, `precio`) VALUES (3487, 'CAN all that green stuff be?\' said Alice. \'We', 'o', 2979554);
INSERT INTO `Medicamentos` (`idMedicamento`, `descripcion`, `presentacion`, `precio`) VALUES (4030, 'Pigeon in a hurried nervous manner, smiling a', 'h', 2);
INSERT INTO `Medicamentos` (`idMedicamento`, `descripcion`, `presentacion`, `precio`) VALUES (4406, 'March Hare. \'Exactly so,\' said the Queen. \'I ', 'j', 997344);
INSERT INTO `Medicamentos` (`idMedicamento`, `descripcion`, `presentacion`, `precio`) VALUES (4640, 'Alice took up the other, trying every door, s', 'h', 55765);
INSERT INTO `Medicamentos` (`idMedicamento`, `descripcion`, `presentacion`, `precio`) VALUES (5473, 'Beautiful, beautiful Soup!\' CHAPTER XI. Who S', 'u', 46);
INSERT INTO `Medicamentos` (`idMedicamento`, `descripcion`, `presentacion`, `precio`) VALUES (5646, 'I to get in?\' \'There might be some sense in y', 'i', 5);
INSERT INTO `Medicamentos` (`idMedicamento`, `descripcion`, `presentacion`, `precio`) VALUES (6781, 'Lory, with a yelp of delight, which changed i', 'm', 311744824);
INSERT INTO `Medicamentos` (`idMedicamento`, `descripcion`, `presentacion`, `precio`) VALUES (7702, 'Alice could speak again. The Mock Turtle\'s he', 'd', 0);
INSERT INTO `Medicamentos` (`idMedicamento`, `descripcion`, `presentacion`, `precio`) VALUES (8286, 'Mock Turtle went on, spreading out the words:', 'm', 40842618);
INSERT INTO `Medicamentos` (`idMedicamento`, `descripcion`, `presentacion`, `precio`) VALUES (8817, 'MUST be more to do anything but sit with its ', 'e', 5368);
INSERT INTO `Medicamentos` (`idMedicamento`, `descripcion`, `presentacion`, `precio`) VALUES (8956, 'Just as she spoke. \'I must be removed,\' said ', 'a', 65);
INSERT INTO `Medicamentos` (`idMedicamento`, `descripcion`, `presentacion`, `precio`) VALUES (9529, 'Rabbit say, \'A barrowful of WHAT?\' thought Al', 'p', 3526);
INSERT INTO `Medicamentos` (`idMedicamento`, `descripcion`, `presentacion`, `precio`) VALUES (12871, 'Mouse was bristling all over, and she thought', 's', 5);
INSERT INTO `Medicamentos` (`idMedicamento`, `descripcion`, `presentacion`, `precio`) VALUES (13882, 'Alice\'s side as she could not taste theirs, a', 'j', 14711);
INSERT INTO `Medicamentos` (`idMedicamento`, `descripcion`, `presentacion`, `precio`) VALUES (34545, 'Alice did not like to go down the chimney?--N', 'a', 42762);
INSERT INTO `Medicamentos` (`idMedicamento`, `descripcion`, `presentacion`, `precio`) VALUES (47021, 'I know!\' exclaimed Alice, who was gently brus', 'y', 69269264);
INSERT INTO `Medicamentos` (`idMedicamento`, `descripcion`, `presentacion`, `precio`) VALUES (47774, 'Queen, \'and take this child away with me,\' th', 'd', 0);
INSERT INTO `Medicamentos` (`idMedicamento`, `descripcion`, `presentacion`, `precio`) VALUES (50215, 'Alice to herself. \'I dare say there may be di', 'v', 759300);
INSERT INTO `Medicamentos` (`idMedicamento`, `descripcion`, `presentacion`, `precio`) VALUES (51219, 'I ever saw one that size? Why, it fills the w', 'n', 77);
INSERT INTO `Medicamentos` (`idMedicamento`, `descripcion`, `presentacion`, `precio`) VALUES (58204, 'She did it so quickly that the cause of this ', 'f', 93185);
INSERT INTO `Medicamentos` (`idMedicamento`, `descripcion`, `presentacion`, `precio`) VALUES (68249, 'Alice. \'I don\'t quite understand you,\' she sa', 'h', 84);
INSERT INTO `Medicamentos` (`idMedicamento`, `descripcion`, `presentacion`, `precio`) VALUES (73621, 'They all returned from him to you, Though the', 'c', 5);
INSERT INTO `Medicamentos` (`idMedicamento`, `descripcion`, `presentacion`, `precio`) VALUES (82394, 'Dormouse. \'Fourteenth of March, I think it wa', 'x', 219777);
INSERT INTO `Medicamentos` (`idMedicamento`, `descripcion`, `presentacion`, `precio`) VALUES (96703, 'The Mouse did not at all a proper way of expe', 'r', 98);
INSERT INTO `Medicamentos` (`idMedicamento`, `descripcion`, `presentacion`, `precio`) VALUES (98859, 'Alice, \'we learned French and music.\' \'And wa', 'c', 47);
INSERT INTO `Medicamentos` (`idMedicamento`, `descripcion`, `presentacion`, `precio`) VALUES (111077, 'WOULD put their heads down and began picking ', 'x', 4);
INSERT INTO `Medicamentos` (`idMedicamento`, `descripcion`, `presentacion`, `precio`) VALUES (176967, 'The first witness was the same thing as \"I ge', 'q', 57);
INSERT INTO `Medicamentos` (`idMedicamento`, `descripcion`, `presentacion`, `precio`) VALUES (206168, 'Duchess was sitting on the second thing is to', 'x', 9013);
INSERT INTO `Medicamentos` (`idMedicamento`, `descripcion`, `presentacion`, `precio`) VALUES (243184, 'He sent them word I had our Dinah here, I kno', 'p', 486138);
INSERT INTO `Medicamentos` (`idMedicamento`, `descripcion`, `presentacion`, `precio`) VALUES (484239, 'This of course, I meant,\' the King sharply. \'', 'q', 2858);
INSERT INTO `Medicamentos` (`idMedicamento`, `descripcion`, `presentacion`, `precio`) VALUES (491891, 'The Mouse gave a sudden leap out of the table', 'n', 3239539);
INSERT INTO `Medicamentos` (`idMedicamento`, `descripcion`, `presentacion`, `precio`) VALUES (654145, 'However, she soon found herself lying on the ', 'g', 82920);
INSERT INTO `Medicamentos` (`idMedicamento`, `descripcion`, `presentacion`, `precio`) VALUES (655114, 'SOMETHING interesting is sure to happen,\' she', 'r', 8271222);
INSERT INTO `Medicamentos` (`idMedicamento`, `descripcion`, `presentacion`, `precio`) VALUES (803752, 'He moved on as he spoke, and added with a rou', 'i', 45413);
INSERT INTO `Medicamentos` (`idMedicamento`, `descripcion`, `presentacion`, `precio`) VALUES (1198319, 'Hatter asked triumphantly. Alice did not appe', 't', 946);
INSERT INTO `Medicamentos` (`idMedicamento`, `descripcion`, `presentacion`, `precio`) VALUES (1776552, 'Alice, in a piteous tone. And she kept tossin', 'd', 3);
INSERT INTO `Medicamentos` (`idMedicamento`, `descripcion`, `presentacion`, `precio`) VALUES (1871364, 'March Hare went on. \'I do,\' Alice hastily rep', 'i', 36123);
INSERT INTO `Medicamentos` (`idMedicamento`, `descripcion`, `presentacion`, `precio`) VALUES (1983848, 'Caterpillar angrily, rearing itself upright a', 'w', 0);
INSERT INTO `Medicamentos` (`idMedicamento`, `descripcion`, `presentacion`, `precio`) VALUES (2504993, 'For he can EVEN finish, if he would not open ', 'x', 4651841);
INSERT INTO `Medicamentos` (`idMedicamento`, `descripcion`, `presentacion`, `precio`) VALUES (2688718, 'I\'ll have you executed, whether you\'re nervou', 'd', 88869244);
INSERT INTO `Medicamentos` (`idMedicamento`, `descripcion`, `presentacion`, `precio`) VALUES (4038554, 'EVER happen in a low, weak voice. \'Now, I giv', 'o', 217);
INSERT INTO `Medicamentos` (`idMedicamento`, `descripcion`, `presentacion`, `precio`) VALUES (4116624, 'I should think!\' (Dinah was the White Rabbit,', 'p', 222);
INSERT INTO `Medicamentos` (`idMedicamento`, `descripcion`, `presentacion`, `precio`) VALUES (4568973, 'I\'ll never go THERE again!\' said Alice loudly', 'q', 6);
INSERT INTO `Medicamentos` (`idMedicamento`, `descripcion`, `presentacion`, `precio`) VALUES (5469023, 'Grief, they used to say.\' \'So he did, so he w', 'e', 0);
INSERT INTO `Medicamentos` (`idMedicamento`, `descripcion`, `presentacion`, `precio`) VALUES (6278315, 'Duchess sang the second thing is to find that', 'l', 0);
INSERT INTO `Medicamentos` (`idMedicamento`, `descripcion`, `presentacion`, `precio`) VALUES (6279342, 'Alice timidly. \'Would you like the look of th', 's', 41430);
INSERT INTO `Medicamentos` (`idMedicamento`, `descripcion`, `presentacion`, `precio`) VALUES (8303428, 'However, the Multiplication Table doesn\'t sig', 'm', 4);
INSERT INTO `Medicamentos` (`idMedicamento`, `descripcion`, `presentacion`, `precio`) VALUES (8372141, 'And will talk in contemptuous tones of her ch', 'a', 1530);
INSERT INTO `Medicamentos` (`idMedicamento`, `descripcion`, `presentacion`, `precio`) VALUES (8956745, 'So she began very cautiously: \'But I don\'t li', 'r', 306);
INSERT INTO `Medicamentos` (`idMedicamento`, `descripcion`, `presentacion`, `precio`) VALUES (10476556, 'Hatter with a pair of white kid gloves in one', 'f', 6313);
INSERT INTO `Medicamentos` (`idMedicamento`, `descripcion`, `presentacion`, `precio`) VALUES (47144000, 'Zealand or Australia?\' (and she tried the lit', 's', 10370648);
INSERT INTO `Medicamentos` (`idMedicamento`, `descripcion`, `presentacion`, `precio`) VALUES (54280089, 'They had not the same, the next witness.\' And', 'g', 7);
INSERT INTO `Medicamentos` (`idMedicamento`, `descripcion`, `presentacion`, `precio`) VALUES (54455609, 'Waiting in a sulky tone, as it can\'t possibly', 'f', 853202924);
INSERT INTO `Medicamentos` (`idMedicamento`, `descripcion`, `presentacion`, `precio`) VALUES (62072025, 'However, she got into it), and handed them ro', 'b', 78);
INSERT INTO `Medicamentos` (`idMedicamento`, `descripcion`, `presentacion`, `precio`) VALUES (64486812, 'Alice was so much frightened that she was up ', 'c', 9220);
INSERT INTO `Medicamentos` (`idMedicamento`, `descripcion`, `presentacion`, `precio`) VALUES (65703152, 'I--\' \'Oh, don\'t talk about cats or dogs eithe', 'x', 27646782);
INSERT INTO `Medicamentos` (`idMedicamento`, `descripcion`, `presentacion`, `precio`) VALUES (86112116, 'And took them quite away!\' \'Consider your ver', 'c', 1);
INSERT INTO `Medicamentos` (`idMedicamento`, `descripcion`, `presentacion`, `precio`) VALUES (94956112, 'I was going a journey, I should like it very ', 'o', 1573);
INSERT INTO `Medicamentos` (`idMedicamento`, `descripcion`, `presentacion`, `precio`) VALUES (96084465, 'Queen had ordered. They very soon finished of', 'p', 72541615);
INSERT INTO `Medicamentos` (`idMedicamento`, `descripcion`, `presentacion`, `precio`) VALUES (138315958, 'MILE HIGH TO LEAVE THE COURT.\' Everybody look', 's', 33505324);
INSERT INTO `Medicamentos` (`idMedicamento`, `descripcion`, `presentacion`, `precio`) VALUES (262428604, 'Alice \'without pictures or conversations in i', 'x', 0);
INSERT INTO `Medicamentos` (`idMedicamento`, `descripcion`, `presentacion`, `precio`) VALUES (270183566, 'I should understand that better,\' Alice said ', 'q', 34017);
INSERT INTO `Medicamentos` (`idMedicamento`, `descripcion`, `presentacion`, `precio`) VALUES (274279961, 'Indeed, she had been to the general conclusio', 'i', 695);
INSERT INTO `Medicamentos` (`idMedicamento`, `descripcion`, `presentacion`, `precio`) VALUES (531706477, 'Alice again, in a confused way, \'Prizes! Priz', 'g', 917);
INSERT INTO `Medicamentos` (`idMedicamento`, `descripcion`, `presentacion`, `precio`) VALUES (685798961, 'Queen had only one way of speaking to a lobst', 'f', 5);
INSERT INTO `Medicamentos` (`idMedicamento`, `descripcion`, `presentacion`, `precio`) VALUES (728778303, 'Knave of Hearts, carrying the King\'s crown on', 'r', 269);
INSERT INTO `Medicamentos` (`idMedicamento`, `descripcion`, `presentacion`, `precio`) VALUES (903247517, 'I see\"!\' \'You might just as she did not see a', 'u', 492);
INSERT INTO `Medicamentos` (`idMedicamento`, `descripcion`, `presentacion`, `precio`) VALUES (905145516, 'THE KING AND QUEEN OF HEARTS. Alice was thoro', 'g', 0);
INSERT INTO `Medicamentos` (`idMedicamento`, `descripcion`, `presentacion`, `precio`) VALUES (991503741, 'Mock Turtle; \'but it doesn\'t matter much,\' th', 'x', 19545);
INSERT INTO `Medicamentos` (`idMedicamento`, `descripcion`, `presentacion`, `precio`) VALUES (993909564, 'Dodo, pointing to the door, and the soldiers ', 'e', 6751958);

INSERT INTO `LaboratorioComercializaMedicamento` (`cuitLab`, `idMedicamento`) VALUES (0, 0);
INSERT INTO `LaboratorioComercializaMedicamento` (`cuitLab`, `idMedicamento`) VALUES (1, 1);
INSERT INTO `LaboratorioComercializaMedicamento` (`cuitLab`, `idMedicamento`) VALUES (3, 3);
INSERT INTO `LaboratorioComercializaMedicamento` (`cuitLab`, `idMedicamento`) VALUES (5, 4);
INSERT INTO `LaboratorioComercializaMedicamento` (`cuitLab`, `idMedicamento`) VALUES (7, 5);
INSERT INTO `LaboratorioComercializaMedicamento` (`cuitLab`, `idMedicamento`) VALUES (9, 6);
INSERT INTO `LaboratorioComercializaMedicamento` (`cuitLab`, `idMedicamento`) VALUES (15, 9);
INSERT INTO `LaboratorioComercializaMedicamento` (`cuitLab`, `idMedicamento`) VALUES (20, 11);
INSERT INTO `LaboratorioComercializaMedicamento` (`cuitLab`, `idMedicamento`) VALUES (47, 12);
INSERT INTO `LaboratorioComercializaMedicamento` (`cuitLab`, `idMedicamento`) VALUES (49, 18);
INSERT INTO `LaboratorioComercializaMedicamento` (`cuitLab`, `idMedicamento`) VALUES (50, 41);
INSERT INTO `LaboratorioComercializaMedicamento` (`cuitLab`, `idMedicamento`) VALUES (59, 64);
INSERT INTO `LaboratorioComercializaMedicamento` (`cuitLab`, `idMedicamento`) VALUES (60, 69);
INSERT INTO `LaboratorioComercializaMedicamento` (`cuitLab`, `idMedicamento`) VALUES (61, 70);
INSERT INTO `LaboratorioComercializaMedicamento` (`cuitLab`, `idMedicamento`) VALUES (64, 74);
INSERT INTO `LaboratorioComercializaMedicamento` (`cuitLab`, `idMedicamento`) VALUES (80, 77);
INSERT INTO `LaboratorioComercializaMedicamento` (`cuitLab`, `idMedicamento`) VALUES (90, 86);
INSERT INTO `LaboratorioComercializaMedicamento` (`cuitLab`, `idMedicamento`) VALUES (103, 92);
INSERT INTO `LaboratorioComercializaMedicamento` (`cuitLab`, `idMedicamento`) VALUES (193, 125);
INSERT INTO `LaboratorioComercializaMedicamento` (`cuitLab`, `idMedicamento`) VALUES (205, 442);
INSERT INTO `LaboratorioComercializaMedicamento` (`cuitLab`, `idMedicamento`) VALUES (289, 475);
INSERT INTO `LaboratorioComercializaMedicamento` (`cuitLab`, `idMedicamento`) VALUES (443, 532);
INSERT INTO `LaboratorioComercializaMedicamento` (`cuitLab`, `idMedicamento`) VALUES (510, 549);
INSERT INTO `LaboratorioComercializaMedicamento` (`cuitLab`, `idMedicamento`) VALUES (522, 730);
INSERT INTO `LaboratorioComercializaMedicamento` (`cuitLab`, `idMedicamento`) VALUES (553, 754);
INSERT INTO `LaboratorioComercializaMedicamento` (`cuitLab`, `idMedicamento`) VALUES (848, 890);
INSERT INTO `LaboratorioComercializaMedicamento` (`cuitLab`, `idMedicamento`) VALUES (2463, 985);
INSERT INTO `LaboratorioComercializaMedicamento` (`cuitLab`, `idMedicamento`) VALUES (5285, 1499);
INSERT INTO `LaboratorioComercializaMedicamento` (`cuitLab`, `idMedicamento`) VALUES (7217, 1630);
INSERT INTO `LaboratorioComercializaMedicamento` (`cuitLab`, `idMedicamento`) VALUES (7546, 3102);
INSERT INTO `LaboratorioComercializaMedicamento` (`cuitLab`, `idMedicamento`) VALUES (8555, 3487);
INSERT INTO `LaboratorioComercializaMedicamento` (`cuitLab`, `idMedicamento`) VALUES (13132, 4030);
INSERT INTO `LaboratorioComercializaMedicamento` (`cuitLab`, `idMedicamento`) VALUES (17001, 4406);
INSERT INTO `LaboratorioComercializaMedicamento` (`cuitLab`, `idMedicamento`) VALUES (18329, 4640);
INSERT INTO `LaboratorioComercializaMedicamento` (`cuitLab`, `idMedicamento`) VALUES (26404, 5473);
INSERT INTO `LaboratorioComercializaMedicamento` (`cuitLab`, `idMedicamento`) VALUES (27563, 5646);
INSERT INTO `LaboratorioComercializaMedicamento` (`cuitLab`, `idMedicamento`) VALUES (41317, 6781);
INSERT INTO `LaboratorioComercializaMedicamento` (`cuitLab`, `idMedicamento`) VALUES (50426, 7702);
INSERT INTO `LaboratorioComercializaMedicamento` (`cuitLab`, `idMedicamento`) VALUES (51209, 8286);
INSERT INTO `LaboratorioComercializaMedicamento` (`cuitLab`, `idMedicamento`) VALUES (53676, 8817);
INSERT INTO `LaboratorioComercializaMedicamento` (`cuitLab`, `idMedicamento`) VALUES (58808, 8956);
INSERT INTO `LaboratorioComercializaMedicamento` (`cuitLab`, `idMedicamento`) VALUES (73914, 9529);
INSERT INTO `LaboratorioComercializaMedicamento` (`cuitLab`, `idMedicamento`) VALUES (76714, 12871);
INSERT INTO `LaboratorioComercializaMedicamento` (`cuitLab`, `idMedicamento`) VALUES (78839, 13882);
INSERT INTO `LaboratorioComercializaMedicamento` (`cuitLab`, `idMedicamento`) VALUES (83000, 34545);
INSERT INTO `LaboratorioComercializaMedicamento` (`cuitLab`, `idMedicamento`) VALUES (85210, 47021);
INSERT INTO `LaboratorioComercializaMedicamento` (`cuitLab`, `idMedicamento`) VALUES (93786, 47774);
INSERT INTO `LaboratorioComercializaMedicamento` (`cuitLab`, `idMedicamento`) VALUES (96018, 50215);
INSERT INTO `LaboratorioComercializaMedicamento` (`cuitLab`, `idMedicamento`) VALUES (108700, 51219);
INSERT INTO `LaboratorioComercializaMedicamento` (`cuitLab`, `idMedicamento`) VALUES (158366, 58204);
INSERT INTO `LaboratorioComercializaMedicamento` (`cuitLab`, `idMedicamento`) VALUES (182360, 68249);
INSERT INTO `LaboratorioComercializaMedicamento` (`cuitLab`, `idMedicamento`) VALUES (260926, 73621);
INSERT INTO `LaboratorioComercializaMedicamento` (`cuitLab`, `idMedicamento`) VALUES (266254, 82394);
INSERT INTO `LaboratorioComercializaMedicamento` (`cuitLab`, `idMedicamento`) VALUES (331203, 96703);
INSERT INTO `LaboratorioComercializaMedicamento` (`cuitLab`, `idMedicamento`) VALUES (379028, 98859);
INSERT INTO `LaboratorioComercializaMedicamento` (`cuitLab`, `idMedicamento`) VALUES (477157, 111077);
INSERT INTO `LaboratorioComercializaMedicamento` (`cuitLab`, `idMedicamento`) VALUES (532549, 176967);
INSERT INTO `LaboratorioComercializaMedicamento` (`cuitLab`, `idMedicamento`) VALUES (555568, 206168);
INSERT INTO `LaboratorioComercializaMedicamento` (`cuitLab`, `idMedicamento`) VALUES (579585, 243184);
INSERT INTO `LaboratorioComercializaMedicamento` (`cuitLab`, `idMedicamento`) VALUES (639603, 484239);
INSERT INTO `LaboratorioComercializaMedicamento` (`cuitLab`, `idMedicamento`) VALUES (704215, 491891);
INSERT INTO `LaboratorioComercializaMedicamento` (`cuitLab`, `idMedicamento`) VALUES (714235, 654145);
INSERT INTO `LaboratorioComercializaMedicamento` (`cuitLab`, `idMedicamento`) VALUES (724360, 655114);
INSERT INTO `LaboratorioComercializaMedicamento` (`cuitLab`, `idMedicamento`) VALUES (746638, 803752);
INSERT INTO `LaboratorioComercializaMedicamento` (`cuitLab`, `idMedicamento`) VALUES (808427, 1198319);
INSERT INTO `LaboratorioComercializaMedicamento` (`cuitLab`, `idMedicamento`) VALUES (853494, 1776552);
INSERT INTO `LaboratorioComercializaMedicamento` (`cuitLab`, `idMedicamento`) VALUES (968011, 1871364);
INSERT INTO `LaboratorioComercializaMedicamento` (`cuitLab`, `idMedicamento`) VALUES (988794, 1983848);
INSERT INTO `LaboratorioComercializaMedicamento` (`cuitLab`, `idMedicamento`) VALUES (1000687, 2504993);
INSERT INTO `LaboratorioComercializaMedicamento` (`cuitLab`, `idMedicamento`) VALUES (2986956, 2688718);
INSERT INTO `LaboratorioComercializaMedicamento` (`cuitLab`, `idMedicamento`) VALUES (3318628, 4038554);
INSERT INTO `LaboratorioComercializaMedicamento` (`cuitLab`, `idMedicamento`) VALUES (3909249, 4116624);
INSERT INTO `LaboratorioComercializaMedicamento` (`cuitLab`, `idMedicamento`) VALUES (4713458, 4568973);
INSERT INTO `LaboratorioComercializaMedicamento` (`cuitLab`, `idMedicamento`) VALUES (5082373, 5469023);
INSERT INTO `LaboratorioComercializaMedicamento` (`cuitLab`, `idMedicamento`) VALUES (6187990, 6278315);
INSERT INTO `LaboratorioComercializaMedicamento` (`cuitLab`, `idMedicamento`) VALUES (7275238, 6279342);
INSERT INTO `LaboratorioComercializaMedicamento` (`cuitLab`, `idMedicamento`) VALUES (16367598, 8303428);
INSERT INTO `LaboratorioComercializaMedicamento` (`cuitLab`, `idMedicamento`) VALUES (45370895, 8372141);
INSERT INTO `LaboratorioComercializaMedicamento` (`cuitLab`, `idMedicamento`) VALUES (52466189, 8956745);
INSERT INTO `LaboratorioComercializaMedicamento` (`cuitLab`, `idMedicamento`) VALUES (52530153, 10476556);
INSERT INTO `LaboratorioComercializaMedicamento` (`cuitLab`, `idMedicamento`) VALUES (54519235, 47144000);
INSERT INTO `LaboratorioComercializaMedicamento` (`cuitLab`, `idMedicamento`) VALUES (79926667, 54280089);
INSERT INTO `LaboratorioComercializaMedicamento` (`cuitLab`, `idMedicamento`) VALUES (89715034, 54455609);
INSERT INTO `LaboratorioComercializaMedicamento` (`cuitLab`, `idMedicamento`) VALUES (93357243, 62072025);
INSERT INTO `LaboratorioComercializaMedicamento` (`cuitLab`, `idMedicamento`) VALUES (98133325, 64486812);
INSERT INTO `LaboratorioComercializaMedicamento` (`cuitLab`, `idMedicamento`) VALUES (103471783, 65703152);
INSERT INTO `LaboratorioComercializaMedicamento` (`cuitLab`, `idMedicamento`) VALUES (183610975, 86112116);
INSERT INTO `LaboratorioComercializaMedicamento` (`cuitLab`, `idMedicamento`) VALUES (193135734, 94956112);
INSERT INTO `LaboratorioComercializaMedicamento` (`cuitLab`, `idMedicamento`) VALUES (233892683, 96084465);
INSERT INTO `LaboratorioComercializaMedicamento` (`cuitLab`, `idMedicamento`) VALUES (290392435, 138315958);
INSERT INTO `LaboratorioComercializaMedicamento` (`cuitLab`, `idMedicamento`) VALUES (406913869, 262428604);
INSERT INTO `LaboratorioComercializaMedicamento` (`cuitLab`, `idMedicamento`) VALUES (410789341, 270183566);
INSERT INTO `LaboratorioComercializaMedicamento` (`cuitLab`, `idMedicamento`) VALUES (431713959, 274279961);
INSERT INTO `LaboratorioComercializaMedicamento` (`cuitLab`, `idMedicamento`) VALUES (529893287, 531706477);
INSERT INTO `LaboratorioComercializaMedicamento` (`cuitLab`, `idMedicamento`) VALUES (686329834, 685798961);
INSERT INTO `LaboratorioComercializaMedicamento` (`cuitLab`, `idMedicamento`) VALUES (803061015, 728778303);
INSERT INTO `LaboratorioComercializaMedicamento` (`cuitLab`, `idMedicamento`) VALUES (809028726, 903247517);
INSERT INTO `LaboratorioComercializaMedicamento` (`cuitLab`, `idMedicamento`) VALUES (841167071, 905145516);
INSERT INTO `LaboratorioComercializaMedicamento` (`cuitLab`, `idMedicamento`) VALUES (944358105, 991503741);
INSERT INTO `LaboratorioComercializaMedicamento` (`cuitLab`, `idMedicamento`) VALUES (973607735, 993909564);


#
# TABLE STRUCTURE FOR: Laboratorios
#




#
# TABLE STRUCTURE FOR: LineaComprobante
#


INSERT INTO `LineaComprobante` (`idMedicamento`, `idComprobante`, `cantidad`, `precioTotal`) VALUES (0, 0, '1', '617023');
INSERT INTO `LineaComprobante` (`idMedicamento`, `idComprobante`, `cantidad`, `precioTotal`) VALUES (1, 1, '', '3');
INSERT INTO `LineaComprobante` (`idMedicamento`, `idComprobante`, `cantidad`, `precioTotal`) VALUES (3, 2, '8', '30652');
INSERT INTO `LineaComprobante` (`idMedicamento`, `idComprobante`, `cantidad`, `precioTotal`) VALUES (4, 3, '7', '2');
INSERT INTO `LineaComprobante` (`idMedicamento`, `idComprobante`, `cantidad`, `precioTotal`) VALUES (5, 6, '4', '667');
INSERT INTO `LineaComprobante` (`idMedicamento`, `idComprobante`, `cantidad`, `precioTotal`) VALUES (6, 8, '7', '846410004');
INSERT INTO `LineaComprobante` (`idMedicamento`, `idComprobante`, `cantidad`, `precioTotal`) VALUES (9, 9, '4', '');
INSERT INTO `LineaComprobante` (`idMedicamento`, `idComprobante`, `cantidad`, `precioTotal`) VALUES (11, 17, '7', '5436179');
INSERT INTO `LineaComprobante` (`idMedicamento`, `idComprobante`, `cantidad`, `precioTotal`) VALUES (12, 29, '3', '7');
INSERT INTO `LineaComprobante` (`idMedicamento`, `idComprobante`, `cantidad`, `precioTotal`) VALUES (18, 30, '6', '2160499');
INSERT INTO `LineaComprobante` (`idMedicamento`, `idComprobante`, `cantidad`, `precioTotal`) VALUES (41, 43, '2', '963');
INSERT INTO `LineaComprobante` (`idMedicamento`, `idComprobante`, `cantidad`, `precioTotal`) VALUES (64, 45, '6', '214304687');
INSERT INTO `LineaComprobante` (`idMedicamento`, `idComprobante`, `cantidad`, `precioTotal`) VALUES (69, 46, '8', '456124984');
INSERT INTO `LineaComprobante` (`idMedicamento`, `idComprobante`, `cantidad`, `precioTotal`) VALUES (70, 47, '2', '92');
INSERT INTO `LineaComprobante` (`idMedicamento`, `idComprobante`, `cantidad`, `precioTotal`) VALUES (74, 48, '4', '2577');
INSERT INTO `LineaComprobante` (`idMedicamento`, `idComprobante`, `cantidad`, `precioTotal`) VALUES (77, 49, '', '88505');
INSERT INTO `LineaComprobante` (`idMedicamento`, `idComprobante`, `cantidad`, `precioTotal`) VALUES (86, 59, '3', '8');
INSERT INTO `LineaComprobante` (`idMedicamento`, `idComprobante`, `cantidad`, `precioTotal`) VALUES (92, 66, '3', '825301479');
INSERT INTO `LineaComprobante` (`idMedicamento`, `idComprobante`, `cantidad`, `precioTotal`) VALUES (125, 83, '9', '61579');
INSERT INTO `LineaComprobante` (`idMedicamento`, `idComprobante`, `cantidad`, `precioTotal`) VALUES (442, 84, '8', '692515998');
INSERT INTO `LineaComprobante` (`idMedicamento`, `idComprobante`, `cantidad`, `precioTotal`) VALUES (475, 89, '1', '355254');
INSERT INTO `LineaComprobante` (`idMedicamento`, `idComprobante`, `cantidad`, `precioTotal`) VALUES (532, 90, '3', '246');
INSERT INTO `LineaComprobante` (`idMedicamento`, `idComprobante`, `cantidad`, `precioTotal`) VALUES (549, 91, '', '5574807');
INSERT INTO `LineaComprobante` (`idMedicamento`, `idComprobante`, `cantidad`, `precioTotal`) VALUES (730, 108, '7', '19065194');
INSERT INTO `LineaComprobante` (`idMedicamento`, `idComprobante`, `cantidad`, `precioTotal`) VALUES (754, 126, '', '4');
INSERT INTO `LineaComprobante` (`idMedicamento`, `idComprobante`, `cantidad`, `precioTotal`) VALUES (890, 130, '', '733');
INSERT INTO `LineaComprobante` (`idMedicamento`, `idComprobante`, `cantidad`, `precioTotal`) VALUES (985, 147, '9', '4264474');
INSERT INTO `LineaComprobante` (`idMedicamento`, `idComprobante`, `cantidad`, `precioTotal`) VALUES (1499, 166, '4', '');
INSERT INTO `LineaComprobante` (`idMedicamento`, `idComprobante`, `cantidad`, `precioTotal`) VALUES (1630, 309, '8', '31346');
INSERT INTO `LineaComprobante` (`idMedicamento`, `idComprobante`, `cantidad`, `precioTotal`) VALUES (3102, 449, '6', '525');
INSERT INTO `LineaComprobante` (`idMedicamento`, `idComprobante`, `cantidad`, `precioTotal`) VALUES (3487, 451, '', '53');
INSERT INTO `LineaComprobante` (`idMedicamento`, `idComprobante`, `cantidad`, `precioTotal`) VALUES (4030, 489, '2', '73');
INSERT INTO `LineaComprobante` (`idMedicamento`, `idComprobante`, `cantidad`, `precioTotal`) VALUES (4406, 560, '1', '44');
INSERT INTO `LineaComprobante` (`idMedicamento`, `idComprobante`, `cantidad`, `precioTotal`) VALUES (4640, 616, '9', '');
INSERT INTO `LineaComprobante` (`idMedicamento`, `idComprobante`, `cantidad`, `precioTotal`) VALUES (5473, 805, '8', '610');
INSERT INTO `LineaComprobante` (`idMedicamento`, `idComprobante`, `cantidad`, `precioTotal`) VALUES (5646, 812, '8', '9843');
INSERT INTO `LineaComprobante` (`idMedicamento`, `idComprobante`, `cantidad`, `precioTotal`) VALUES (6781, 881, '', '61181');
INSERT INTO `LineaComprobante` (`idMedicamento`, `idComprobante`, `cantidad`, `precioTotal`) VALUES (7702, 908, '5', '297340672');
INSERT INTO `LineaComprobante` (`idMedicamento`, `idComprobante`, `cantidad`, `precioTotal`) VALUES (8286, 999, '1', '7587626');
INSERT INTO `LineaComprobante` (`idMedicamento`, `idComprobante`, `cantidad`, `precioTotal`) VALUES (8817, 1826, '6', '80');
INSERT INTO `LineaComprobante` (`idMedicamento`, `idComprobante`, `cantidad`, `precioTotal`) VALUES (8956, 2109, '5', '161');
INSERT INTO `LineaComprobante` (`idMedicamento`, `idComprobante`, `cantidad`, `precioTotal`) VALUES (9529, 2190, '', '4019');
INSERT INTO `LineaComprobante` (`idMedicamento`, `idComprobante`, `cantidad`, `precioTotal`) VALUES (12871, 2443, '7', '529331391');
INSERT INTO `LineaComprobante` (`idMedicamento`, `idComprobante`, `cantidad`, `precioTotal`) VALUES (13882, 2661, '1', '');
INSERT INTO `LineaComprobante` (`idMedicamento`, `idComprobante`, `cantidad`, `precioTotal`) VALUES (34545, 2736, '7', '33696');
INSERT INTO `LineaComprobante` (`idMedicamento`, `idComprobante`, `cantidad`, `precioTotal`) VALUES (47021, 3234, '2', '');
INSERT INTO `LineaComprobante` (`idMedicamento`, `idComprobante`, `cantidad`, `precioTotal`) VALUES (47774, 3947, '4', '1227');
INSERT INTO `LineaComprobante` (`idMedicamento`, `idComprobante`, `cantidad`, `precioTotal`) VALUES (50215, 5539, '8', '7');
INSERT INTO `LineaComprobante` (`idMedicamento`, `idComprobante`, `cantidad`, `precioTotal`) VALUES (51219, 5920, '9', '6716855');
INSERT INTO `LineaComprobante` (`idMedicamento`, `idComprobante`, `cantidad`, `precioTotal`) VALUES (58204, 6696, '2', '8871');
INSERT INTO `LineaComprobante` (`idMedicamento`, `idComprobante`, `cantidad`, `precioTotal`) VALUES (68249, 7654, '8', '6825');
INSERT INTO `LineaComprobante` (`idMedicamento`, `idComprobante`, `cantidad`, `precioTotal`) VALUES (73621, 8688, '2', '970');
INSERT INTO `LineaComprobante` (`idMedicamento`, `idComprobante`, `cantidad`, `precioTotal`) VALUES (82394, 9590, '9', '23963');
INSERT INTO `LineaComprobante` (`idMedicamento`, `idComprobante`, `cantidad`, `precioTotal`) VALUES (96703, 25113, '7', '');
INSERT INTO `LineaComprobante` (`idMedicamento`, `idComprobante`, `cantidad`, `precioTotal`) VALUES (98859, 52680, '2', '807612');
INSERT INTO `LineaComprobante` (`idMedicamento`, `idComprobante`, `cantidad`, `precioTotal`) VALUES (111077, 53976, '3', '532');
INSERT INTO `LineaComprobante` (`idMedicamento`, `idComprobante`, `cantidad`, `precioTotal`) VALUES (176967, 54818, '', '1936');
INSERT INTO `LineaComprobante` (`idMedicamento`, `idComprobante`, `cantidad`, `precioTotal`) VALUES (206168, 55065, '2', '322279169');
INSERT INTO `LineaComprobante` (`idMedicamento`, `idComprobante`, `cantidad`, `precioTotal`) VALUES (243184, 84961, '5', '7');
INSERT INTO `LineaComprobante` (`idMedicamento`, `idComprobante`, `cantidad`, `precioTotal`) VALUES (484239, 91883, '8', '10');
INSERT INTO `LineaComprobante` (`idMedicamento`, `idComprobante`, `cantidad`, `precioTotal`) VALUES (491891, 125143, '6', '9348884');
INSERT INTO `LineaComprobante` (`idMedicamento`, `idComprobante`, `cantidad`, `precioTotal`) VALUES (654145, 144612, '5', '3571');
INSERT INTO `LineaComprobante` (`idMedicamento`, `idComprobante`, `cantidad`, `precioTotal`) VALUES (655114, 519082, '1', '504308876');
INSERT INTO `LineaComprobante` (`idMedicamento`, `idComprobante`, `cantidad`, `precioTotal`) VALUES (803752, 531911, '', '80196');
INSERT INTO `LineaComprobante` (`idMedicamento`, `idComprobante`, `cantidad`, `precioTotal`) VALUES (1198319, 535457, '5', '2');
INSERT INTO `LineaComprobante` (`idMedicamento`, `idComprobante`, `cantidad`, `precioTotal`) VALUES (1776552, 791432, '2', '96126');
INSERT INTO `LineaComprobante` (`idMedicamento`, `idComprobante`, `cantidad`, `precioTotal`) VALUES (1871364, 827568, '7', '86');
INSERT INTO `LineaComprobante` (`idMedicamento`, `idComprobante`, `cantidad`, `precioTotal`) VALUES (1983848, 2749279, '2', '6544214');
INSERT INTO `LineaComprobante` (`idMedicamento`, `idComprobante`, `cantidad`, `precioTotal`) VALUES (2504993, 4134984, '4', '489');
INSERT INTO `LineaComprobante` (`idMedicamento`, `idComprobante`, `cantidad`, `precioTotal`) VALUES (2688718, 4467057, '7', '441728');
INSERT INTO `LineaComprobante` (`idMedicamento`, `idComprobante`, `cantidad`, `precioTotal`) VALUES (4038554, 4663765, '1', '37755');
INSERT INTO `LineaComprobante` (`idMedicamento`, `idComprobante`, `cantidad`, `precioTotal`) VALUES (4116624, 6130779, '3', '795');
INSERT INTO `LineaComprobante` (`idMedicamento`, `idComprobante`, `cantidad`, `precioTotal`) VALUES (4568973, 8223508, '2', '29031954');
INSERT INTO `LineaComprobante` (`idMedicamento`, `idComprobante`, `cantidad`, `precioTotal`) VALUES (5469023, 8691247, '5', '403421093');
INSERT INTO `LineaComprobante` (`idMedicamento`, `idComprobante`, `cantidad`, `precioTotal`) VALUES (6278315, 9857891, '5', '1290');
INSERT INTO `LineaComprobante` (`idMedicamento`, `idComprobante`, `cantidad`, `precioTotal`) VALUES (6279342, 14071858, '7', '897292');
INSERT INTO `LineaComprobante` (`idMedicamento`, `idComprobante`, `cantidad`, `precioTotal`) VALUES (8303428, 18202278, '', '5789107');
INSERT INTO `LineaComprobante` (`idMedicamento`, `idComprobante`, `cantidad`, `precioTotal`) VALUES (8372141, 26438001, '8', '6846');
INSERT INTO `LineaComprobante` (`idMedicamento`, `idComprobante`, `cantidad`, `precioTotal`) VALUES (8956745, 52391525, '2', '5895626');
INSERT INTO `LineaComprobante` (`idMedicamento`, `idComprobante`, `cantidad`, `precioTotal`) VALUES (10476556, 59023885, '4', '');
INSERT INTO `LineaComprobante` (`idMedicamento`, `idComprobante`, `cantidad`, `precioTotal`) VALUES (47144000, 59347970, '5', '');
INSERT INTO `LineaComprobante` (`idMedicamento`, `idComprobante`, `cantidad`, `precioTotal`) VALUES (54280089, 60093964, '8', '687');
INSERT INTO `LineaComprobante` (`idMedicamento`, `idComprobante`, `cantidad`, `precioTotal`) VALUES (54455609, 72488209, '4', '106');
INSERT INTO `LineaComprobante` (`idMedicamento`, `idComprobante`, `cantidad`, `precioTotal`) VALUES (62072025, 88869571, '2', '32');
INSERT INTO `LineaComprobante` (`idMedicamento`, `idComprobante`, `cantidad`, `precioTotal`) VALUES (64486812, 89156061, '4', '915');
INSERT INTO `LineaComprobante` (`idMedicamento`, `idComprobante`, `cantidad`, `precioTotal`) VALUES (65703152, 91287750, '', '51210001');
INSERT INTO `LineaComprobante` (`idMedicamento`, `idComprobante`, `cantidad`, `precioTotal`) VALUES (86112116, 164381081, '5', '708763200');
INSERT INTO `LineaComprobante` (`idMedicamento`, `idComprobante`, `cantidad`, `precioTotal`) VALUES (94956112, 194256425, '7', '4');
INSERT INTO `LineaComprobante` (`idMedicamento`, `idComprobante`, `cantidad`, `precioTotal`) VALUES (96084465, 206171232, '4', '383');
INSERT INTO `LineaComprobante` (`idMedicamento`, `idComprobante`, `cantidad`, `precioTotal`) VALUES (138315958, 344609294, '7', '60922879');
INSERT INTO `LineaComprobante` (`idMedicamento`, `idComprobante`, `cantidad`, `precioTotal`) VALUES (262428604, 440715549, '6', '9');
INSERT INTO `LineaComprobante` (`idMedicamento`, `idComprobante`, `cantidad`, `precioTotal`) VALUES (270183566, 535975747, '6', '');
INSERT INTO `LineaComprobante` (`idMedicamento`, `idComprobante`, `cantidad`, `precioTotal`) VALUES (274279961, 596293661, '', '');
INSERT INTO `LineaComprobante` (`idMedicamento`, `idComprobante`, `cantidad`, `precioTotal`) VALUES (531706477, 648536203, '9', '829');
INSERT INTO `LineaComprobante` (`idMedicamento`, `idComprobante`, `cantidad`, `precioTotal`) VALUES (685798961, 742723865, '8', '18169386');
INSERT INTO `LineaComprobante` (`idMedicamento`, `idComprobante`, `cantidad`, `precioTotal`) VALUES (728778303, 797422287, '6', '81');
INSERT INTO `LineaComprobante` (`idMedicamento`, `idComprobante`, `cantidad`, `precioTotal`) VALUES (903247517, 863400139, '6', '');
INSERT INTO `LineaComprobante` (`idMedicamento`, `idComprobante`, `cantidad`, `precioTotal`) VALUES (905145516, 891333702, '5', '');
INSERT INTO `LineaComprobante` (`idMedicamento`, `idComprobante`, `cantidad`, `precioTotal`) VALUES (991503741, 901104042, '3', '');
INSERT INTO `LineaComprobante` (`idMedicamento`, `idComprobante`, `cantidad`, `precioTotal`) VALUES (993909564, 951280856, '6', '');


#
# TABLE STRUCTURE FOR: LineaIngreso
#


INSERT INTO `LineaIngreso` (`idMedicamento`, `idIngreso`, `cantidad`, `precioTotal`) VALUES (0, 0, 7, 62918);
INSERT INTO `LineaIngreso` (`idMedicamento`, `idIngreso`, `cantidad`, `precioTotal`) VALUES (1, 1, 4, 5634);
INSERT INTO `LineaIngreso` (`idMedicamento`, `idIngreso`, `cantidad`, `precioTotal`) VALUES (3, 2, 8, 0);
INSERT INTO `LineaIngreso` (`idMedicamento`, `idIngreso`, `cantidad`, `precioTotal`) VALUES (4, 3, 9, 28);
INSERT INTO `LineaIngreso` (`idMedicamento`, `idIngreso`, `cantidad`, `precioTotal`) VALUES (5, 5, 2, 466);
INSERT INTO `LineaIngreso` (`idMedicamento`, `idIngreso`, `cantidad`, `precioTotal`) VALUES (6, 6, 4, 6064647);
INSERT INTO `LineaIngreso` (`idMedicamento`, `idIngreso`, `cantidad`, `precioTotal`) VALUES (9, 7, 9, 380);
INSERT INTO `LineaIngreso` (`idMedicamento`, `idIngreso`, `cantidad`, `precioTotal`) VALUES (11, 8, 2, 2399);
INSERT INTO `LineaIngreso` (`idMedicamento`, `idIngreso`, `cantidad`, `precioTotal`) VALUES (12, 26, 0, 3);
INSERT INTO `LineaIngreso` (`idMedicamento`, `idIngreso`, `cantidad`, `precioTotal`) VALUES (18, 29, 5, 43);
INSERT INTO `LineaIngreso` (`idMedicamento`, `idIngreso`, `cantidad`, `precioTotal`) VALUES (41, 31, 0, 7);
INSERT INTO `LineaIngreso` (`idMedicamento`, `idIngreso`, `cantidad`, `precioTotal`) VALUES (64, 37, 6, 4023833);
INSERT INTO `LineaIngreso` (`idMedicamento`, `idIngreso`, `cantidad`, `precioTotal`) VALUES (69, 52, 3, 74);
INSERT INTO `LineaIngreso` (`idMedicamento`, `idIngreso`, `cantidad`, `precioTotal`) VALUES (70, 55, 1, 554996401);
INSERT INTO `LineaIngreso` (`idMedicamento`, `idIngreso`, `cantidad`, `precioTotal`) VALUES (74, 60, 5, 8);
INSERT INTO `LineaIngreso` (`idMedicamento`, `idIngreso`, `cantidad`, `precioTotal`) VALUES (77, 68, 5, 58);
INSERT INTO `LineaIngreso` (`idMedicamento`, `idIngreso`, `cantidad`, `precioTotal`) VALUES (86, 71, 5, 38806279);
INSERT INTO `LineaIngreso` (`idMedicamento`, `idIngreso`, `cantidad`, `precioTotal`) VALUES (92, 95, 7, 6034);
INSERT INTO `LineaIngreso` (`idMedicamento`, `idIngreso`, `cantidad`, `precioTotal`) VALUES (125, 208, 7, 3);
INSERT INTO `LineaIngreso` (`idMedicamento`, `idIngreso`, `cantidad`, `precioTotal`) VALUES (442, 263, 4, 0);
INSERT INTO `LineaIngreso` (`idMedicamento`, `idIngreso`, `cantidad`, `precioTotal`) VALUES (475, 377, 3, 130);
INSERT INTO `LineaIngreso` (`idMedicamento`, `idIngreso`, `cantidad`, `precioTotal`) VALUES (532, 514, 6, 445554912);
INSERT INTO `LineaIngreso` (`idMedicamento`, `idIngreso`, `cantidad`, `precioTotal`) VALUES (549, 515, 3, 94);
INSERT INTO `LineaIngreso` (`idMedicamento`, `idIngreso`, `cantidad`, `precioTotal`) VALUES (730, 580, 9, 835194);
INSERT INTO `LineaIngreso` (`idMedicamento`, `idIngreso`, `cantidad`, `precioTotal`) VALUES (754, 673, 2, 0);
INSERT INTO `LineaIngreso` (`idMedicamento`, `idIngreso`, `cantidad`, `precioTotal`) VALUES (890, 806, 3, 2314);
INSERT INTO `LineaIngreso` (`idMedicamento`, `idIngreso`, `cantidad`, `precioTotal`) VALUES (985, 896, 9, 0);
INSERT INTO `LineaIngreso` (`idMedicamento`, `idIngreso`, `cantidad`, `precioTotal`) VALUES (1499, 1754, 2, 128379);
INSERT INTO `LineaIngreso` (`idMedicamento`, `idIngreso`, `cantidad`, `precioTotal`) VALUES (1630, 1837, 8, 2673);
INSERT INTO `LineaIngreso` (`idMedicamento`, `idIngreso`, `cantidad`, `precioTotal`) VALUES (3102, 2179, 2, 9);
INSERT INTO `LineaIngreso` (`idMedicamento`, `idIngreso`, `cantidad`, `precioTotal`) VALUES (3487, 2236, 1, 72);
INSERT INTO `LineaIngreso` (`idMedicamento`, `idIngreso`, `cantidad`, `precioTotal`) VALUES (4030, 4582, 4, 50642065);
INSERT INTO `LineaIngreso` (`idMedicamento`, `idIngreso`, `cantidad`, `precioTotal`) VALUES (4406, 6497, 0, 8129707);
INSERT INTO `LineaIngreso` (`idMedicamento`, `idIngreso`, `cantidad`, `precioTotal`) VALUES (4640, 6509, 1, 2317159);
INSERT INTO `LineaIngreso` (`idMedicamento`, `idIngreso`, `cantidad`, `precioTotal`) VALUES (5473, 6511, 6, 364203899);
INSERT INTO `LineaIngreso` (`idMedicamento`, `idIngreso`, `cantidad`, `precioTotal`) VALUES (5646, 8119, 6, 933017773);
INSERT INTO `LineaIngreso` (`idMedicamento`, `idIngreso`, `cantidad`, `precioTotal`) VALUES (6781, 8531, 2, 3);
INSERT INTO `LineaIngreso` (`idMedicamento`, `idIngreso`, `cantidad`, `precioTotal`) VALUES (7702, 8687, 8, 33273);
INSERT INTO `LineaIngreso` (`idMedicamento`, `idIngreso`, `cantidad`, `precioTotal`) VALUES (8286, 8933, 5, 192313735);
INSERT INTO `LineaIngreso` (`idMedicamento`, `idIngreso`, `cantidad`, `precioTotal`) VALUES (8817, 9232, 5, 713010);
INSERT INTO `LineaIngreso` (`idMedicamento`, `idIngreso`, `cantidad`, `precioTotal`) VALUES (8956, 10506, 9, 72100);
INSERT INTO `LineaIngreso` (`idMedicamento`, `idIngreso`, `cantidad`, `precioTotal`) VALUES (9529, 26466, 9, 8);
INSERT INTO `LineaIngreso` (`idMedicamento`, `idIngreso`, `cantidad`, `precioTotal`) VALUES (12871, 35424, 5, 678);
INSERT INTO `LineaIngreso` (`idMedicamento`, `idIngreso`, `cantidad`, `precioTotal`) VALUES (13882, 36729, 0, 0);
INSERT INTO `LineaIngreso` (`idMedicamento`, `idIngreso`, `cantidad`, `precioTotal`) VALUES (34545, 39785, 8, 13);
INSERT INTO `LineaIngreso` (`idMedicamento`, `idIngreso`, `cantidad`, `precioTotal`) VALUES (47021, 39914, 7, 14709);
INSERT INTO `LineaIngreso` (`idMedicamento`, `idIngreso`, `cantidad`, `precioTotal`) VALUES (47774, 59432, 0, 6);
INSERT INTO `LineaIngreso` (`idMedicamento`, `idIngreso`, `cantidad`, `precioTotal`) VALUES (50215, 68990, 0, 39163);
INSERT INTO `LineaIngreso` (`idMedicamento`, `idIngreso`, `cantidad`, `precioTotal`) VALUES (51219, 69129, 5, 621);
INSERT INTO `LineaIngreso` (`idMedicamento`, `idIngreso`, `cantidad`, `precioTotal`) VALUES (58204, 84333, 8, 8);
INSERT INTO `LineaIngreso` (`idMedicamento`, `idIngreso`, `cantidad`, `precioTotal`) VALUES (68249, 86394, 9, 7);
INSERT INTO `LineaIngreso` (`idMedicamento`, `idIngreso`, `cantidad`, `precioTotal`) VALUES (73621, 93103, 2, 977164500);
INSERT INTO `LineaIngreso` (`idMedicamento`, `idIngreso`, `cantidad`, `precioTotal`) VALUES (82394, 137261, 6, 9);
INSERT INTO `LineaIngreso` (`idMedicamento`, `idIngreso`, `cantidad`, `precioTotal`) VALUES (96703, 153656, 6, 2);
INSERT INTO `LineaIngreso` (`idMedicamento`, `idIngreso`, `cantidad`, `precioTotal`) VALUES (98859, 204935, 1, 74);
INSERT INTO `LineaIngreso` (`idMedicamento`, `idIngreso`, `cantidad`, `precioTotal`) VALUES (111077, 261756, 8, 7879);
INSERT INTO `LineaIngreso` (`idMedicamento`, `idIngreso`, `cantidad`, `precioTotal`) VALUES (176967, 432047, 0, 6);
INSERT INTO `LineaIngreso` (`idMedicamento`, `idIngreso`, `cantidad`, `precioTotal`) VALUES (206168, 465688, 5, 229);
INSERT INTO `LineaIngreso` (`idMedicamento`, `idIngreso`, `cantidad`, `precioTotal`) VALUES (243184, 474097, 9, 5248);
INSERT INTO `LineaIngreso` (`idMedicamento`, `idIngreso`, `cantidad`, `precioTotal`) VALUES (484239, 514078, 3, 85546);
INSERT INTO `LineaIngreso` (`idMedicamento`, `idIngreso`, `cantidad`, `precioTotal`) VALUES (491891, 685745, 1, 314070398);
INSERT INTO `LineaIngreso` (`idMedicamento`, `idIngreso`, `cantidad`, `precioTotal`) VALUES (654145, 2444581, 4, 0);
INSERT INTO `LineaIngreso` (`idMedicamento`, `idIngreso`, `cantidad`, `precioTotal`) VALUES (655114, 3030967, 7, 2);
INSERT INTO `LineaIngreso` (`idMedicamento`, `idIngreso`, `cantidad`, `precioTotal`) VALUES (803752, 3094725, 7, 875044015);
INSERT INTO `LineaIngreso` (`idMedicamento`, `idIngreso`, `cantidad`, `precioTotal`) VALUES (1198319, 5553829, 3, 21381627);
INSERT INTO `LineaIngreso` (`idMedicamento`, `idIngreso`, `cantidad`, `precioTotal`) VALUES (1776552, 5600830, 9, 771);
INSERT INTO `LineaIngreso` (`idMedicamento`, `idIngreso`, `cantidad`, `precioTotal`) VALUES (1871364, 5605825, 3, 4056);
INSERT INTO `LineaIngreso` (`idMedicamento`, `idIngreso`, `cantidad`, `precioTotal`) VALUES (1983848, 9594935, 7, 349);
INSERT INTO `LineaIngreso` (`idMedicamento`, `idIngreso`, `cantidad`, `precioTotal`) VALUES (2504993, 10282353, 7, 856);
INSERT INTO `LineaIngreso` (`idMedicamento`, `idIngreso`, `cantidad`, `precioTotal`) VALUES (2688718, 20378323, 3, 0);
INSERT INTO `LineaIngreso` (`idMedicamento`, `idIngreso`, `cantidad`, `precioTotal`) VALUES (4038554, 25530468, 1, 2006);
INSERT INTO `LineaIngreso` (`idMedicamento`, `idIngreso`, `cantidad`, `precioTotal`) VALUES (4116624, 52949810, 2, 52822);
INSERT INTO `LineaIngreso` (`idMedicamento`, `idIngreso`, `cantidad`, `precioTotal`) VALUES (4568973, 70984654, 2, 641923);
INSERT INTO `LineaIngreso` (`idMedicamento`, `idIngreso`, `cantidad`, `precioTotal`) VALUES (5469023, 80629936, 8, 9755);
INSERT INTO `LineaIngreso` (`idMedicamento`, `idIngreso`, `cantidad`, `precioTotal`) VALUES (6278315, 80935658, 0, 63219);
INSERT INTO `LineaIngreso` (`idMedicamento`, `idIngreso`, `cantidad`, `precioTotal`) VALUES (6279342, 82344236, 6, 286);
INSERT INTO `LineaIngreso` (`idMedicamento`, `idIngreso`, `cantidad`, `precioTotal`) VALUES (8303428, 84735564, 8, 489);
INSERT INTO `LineaIngreso` (`idMedicamento`, `idIngreso`, `cantidad`, `precioTotal`) VALUES (8372141, 93328240, 4, 5047);
INSERT INTO `LineaIngreso` (`idMedicamento`, `idIngreso`, `cantidad`, `precioTotal`) VALUES (8956745, 98740780, 2, 960);
INSERT INTO `LineaIngreso` (`idMedicamento`, `idIngreso`, `cantidad`, `precioTotal`) VALUES (10476556, 125699381, 4, 2207228);
INSERT INTO `LineaIngreso` (`idMedicamento`, `idIngreso`, `cantidad`, `precioTotal`) VALUES (47144000, 172315968, 1, 3013841);
INSERT INTO `LineaIngreso` (`idMedicamento`, `idIngreso`, `cantidad`, `precioTotal`) VALUES (54280089, 185188210, 9, 94831);
INSERT INTO `LineaIngreso` (`idMedicamento`, `idIngreso`, `cantidad`, `precioTotal`) VALUES (54455609, 206268314, 9, 5);
INSERT INTO `LineaIngreso` (`idMedicamento`, `idIngreso`, `cantidad`, `precioTotal`) VALUES (62072025, 237906898, 8, 18);
INSERT INTO `LineaIngreso` (`idMedicamento`, `idIngreso`, `cantidad`, `precioTotal`) VALUES (64486812, 247993542, 2, 287828);
INSERT INTO `LineaIngreso` (`idMedicamento`, `idIngreso`, `cantidad`, `precioTotal`) VALUES (65703152, 284537653, 9, 4724211);
INSERT INTO `LineaIngreso` (`idMedicamento`, `idIngreso`, `cantidad`, `precioTotal`) VALUES (86112116, 286855154, 3, 3);
INSERT INTO `LineaIngreso` (`idMedicamento`, `idIngreso`, `cantidad`, `precioTotal`) VALUES (94956112, 531507615, 5, 3045);
INSERT INTO `LineaIngreso` (`idMedicamento`, `idIngreso`, `cantidad`, `precioTotal`) VALUES (96084465, 532055065, 3, 694);
INSERT INTO `LineaIngreso` (`idMedicamento`, `idIngreso`, `cantidad`, `precioTotal`) VALUES (138315958, 595754347, 4, 5064220);
INSERT INTO `LineaIngreso` (`idMedicamento`, `idIngreso`, `cantidad`, `precioTotal`) VALUES (262428604, 610450575, 0, 79327);
INSERT INTO `LineaIngreso` (`idMedicamento`, `idIngreso`, `cantidad`, `precioTotal`) VALUES (270183566, 611647697, 4, 2874);
INSERT INTO `LineaIngreso` (`idMedicamento`, `idIngreso`, `cantidad`, `precioTotal`) VALUES (274279961, 633409374, 5, 6743467);
INSERT INTO `LineaIngreso` (`idMedicamento`, `idIngreso`, `cantidad`, `precioTotal`) VALUES (531706477, 686433141, 7, 940841);
INSERT INTO `LineaIngreso` (`idMedicamento`, `idIngreso`, `cantidad`, `precioTotal`) VALUES (685798961, 824972166, 8, 9450);
INSERT INTO `LineaIngreso` (`idMedicamento`, `idIngreso`, `cantidad`, `precioTotal`) VALUES (728778303, 845506276, 3, 6846);
INSERT INTO `LineaIngreso` (`idMedicamento`, `idIngreso`, `cantidad`, `precioTotal`) VALUES (903247517, 901663602, 4, 0);
INSERT INTO `LineaIngreso` (`idMedicamento`, `idIngreso`, `cantidad`, `precioTotal`) VALUES (905145516, 911951210, 3, 21500);
INSERT INTO `LineaIngreso` (`idMedicamento`, `idIngreso`, `cantidad`, `precioTotal`) VALUES (991503741, 923643794, 3, 92);
INSERT INTO `LineaIngreso` (`idMedicamento`, `idIngreso`, `cantidad`, `precioTotal`) VALUES (993909564, 962237017, 4, 93399);


#
# TABLE STRUCTURE FOR: LineaTransferencia
#

INSERT INTO `Transferencias` (`idFarmacia`, `idDeposito`, `idTransferencia`, `fecha`, `estado`) VALUES (33, 51, 0, '1997-11-20', '');
INSERT INTO `Transferencias` (`idFarmacia`, `idDeposito`, `idTransferencia`, `fecha`, `estado`) VALUES (738940438, 596260933, 1, '2020-08-18', '');
INSERT INTO `Transferencias` (`idFarmacia`, `idDeposito`, `idTransferencia`, `fecha`, `estado`) VALUES (142, 390, 2, '1979-05-01', '');
INSERT INTO `Transferencias` (`idFarmacia`, `idDeposito`, `idTransferencia`, `fecha`, `estado`) VALUES (3, 3, 3, '1983-08-24', '');
INSERT INTO `Transferencias` (`idFarmacia`, `idDeposito`, `idTransferencia`, `fecha`, `estado`) VALUES (5562, 40023, 7, '1988-07-10', '');
INSERT INTO `Transferencias` (`idFarmacia`, `idDeposito`, `idTransferencia`, `fecha`, `estado`) VALUES (49923, 225764, 8, '1992-02-07', '1');
INSERT INTO `Transferencias` (`idFarmacia`, `idDeposito`, `idTransferencia`, `fecha`, `estado`) VALUES (67, 67, 9, '1986-09-23', '1');
INSERT INTO `Transferencias` (`idFarmacia`, `idDeposito`, `idTransferencia`, `fecha`, `estado`) VALUES (522, 1260, 21, '1988-03-15', '1');
INSERT INTO `Transferencias` (`idFarmacia`, `idDeposito`, `idTransferencia`, `fecha`, `estado`) VALUES (390, 830, 24, '1998-04-24', '1');
INSERT INTO `Transferencias` (`idFarmacia`, `idDeposito`, `idTransferencia`, `fecha`, `estado`) VALUES (659020, 2543720, 29, '1998-04-09', '');
INSERT INTO `Transferencias` (`idFarmacia`, `idDeposito`, `idTransferencia`, `fecha`, `estado`) VALUES (224301, 594250, 34, '2009-04-20', '');
INSERT INTO `Transferencias` (`idFarmacia`, `idDeposito`, `idTransferencia`, `fecha`, `estado`) VALUES (41892307, 64717829, 55, '1994-04-09', '');
INSERT INTO `Transferencias` (`idFarmacia`, `idDeposito`, `idTransferencia`, `fecha`, `estado`) VALUES (564715615, 539755479, 68, '1993-10-27', '1');
INSERT INTO `Transferencias` (`idFarmacia`, `idDeposito`, `idTransferencia`, `fecha`, `estado`) VALUES (82, 80, 71, '2004-08-08', '1');
INSERT INTO `Transferencias` (`idFarmacia`, `idDeposito`, `idTransferencia`, `fecha`, `estado`) VALUES (5775863, 8883024, 79, '2000-10-13', '1');
INSERT INTO `Transferencias` (`idFarmacia`, `idDeposito`, `idTransferencia`, `fecha`, `estado`) VALUES (11, 11, 82, '2019-08-08', '');
INSERT INTO `Transferencias` (`idFarmacia`, `idDeposito`, `idTransferencia`, `fecha`, `estado`) VALUES (943, 9162, 88, '2005-01-31', '');
INSERT INTO `Transferencias` (`idFarmacia`, `idDeposito`, `idTransferencia`, `fecha`, `estado`) VALUES (628076, 2036985, 162, '2011-10-25', '');
INSERT INTO `Transferencias` (`idFarmacia`, `idDeposito`, `idTransferencia`, `fecha`, `estado`) VALUES (26, 46, 265, '2018-11-01', '1');
INSERT INTO `Transferencias` (`idFarmacia`, `idDeposito`, `idTransferencia`, `fecha`, `estado`) VALUES (1589, 10082, 338, '1987-10-31', '');
INSERT INTO `Transferencias` (`idFarmacia`, `idDeposito`, `idTransferencia`, `fecha`, `estado`) VALUES (637036, 2173801, 402, '2007-08-07', '1');
INSERT INTO `Transferencias` (`idFarmacia`, `idDeposito`, `idTransferencia`, `fecha`, `estado`) VALUES (669, 6011, 427, '1996-02-02', '');
INSERT INTO `Transferencias` (`idFarmacia`, `idDeposito`, `idTransferencia`, `fecha`, `estado`) VALUES (113183626, 356762396, 469, '2019-05-05', '1');
INSERT INTO `Transferencias` (`idFarmacia`, `idDeposito`, `idTransferencia`, `fecha`, `estado`) VALUES (507, 976, 588, '1981-04-28', '');
INSERT INTO `Transferencias` (`idFarmacia`, `idDeposito`, `idTransferencia`, `fecha`, `estado`) VALUES (26683, 97551, 626, '2012-11-13', '');
INSERT INTO `Transferencias` (`idFarmacia`, `idDeposito`, `idTransferencia`, `fecha`, `estado`) VALUES (172, 463, 706, '1994-04-03', '1');
INSERT INTO `Transferencias` (`idFarmacia`, `idDeposito`, `idTransferencia`, `fecha`, `estado`) VALUES (242, 654, 721, '2003-07-01', '1');
INSERT INTO `Transferencias` (`idFarmacia`, `idDeposito`, `idTransferencia`, `fecha`, `estado`) VALUES (407, 956, 915, '1983-07-02', '1');
INSERT INTO `Transferencias` (`idFarmacia`, `idDeposito`, `idTransferencia`, `fecha`, `estado`) VALUES (2832, 37034, 938, '1991-12-03', '1');
INSERT INTO `Transferencias` (`idFarmacia`, `idDeposito`, `idTransferencia`, `fecha`, `estado`) VALUES (0, 0, 1345, '1979-10-13', '');
INSERT INTO `Transferencias` (`idFarmacia`, `idDeposito`, `idTransferencia`, `fecha`, `estado`) VALUES (632, 4015, 1486, '2019-09-10', '');
INSERT INTO `Transferencias` (`idFarmacia`, `idDeposito`, `idTransferencia`, `fecha`, `estado`) VALUES (118, 322, 3623, '2010-02-04', '1');
INSERT INTO `Transferencias` (`idFarmacia`, `idDeposito`, `idTransferencia`, `fecha`, `estado`) VALUES (2, 2, 3888, '2022-11-09', '');
INSERT INTO `Transferencias` (`idFarmacia`, `idDeposito`, `idTransferencia`, `fecha`, `estado`) VALUES (783, 6356, 3933, '2012-09-28', '');
INSERT INTO `Transferencias` (`idFarmacia`, `idDeposito`, `idTransferencia`, `fecha`, `estado`) VALUES (844, 8179, 3975, '1980-01-04', '');
INSERT INTO `Transferencias` (`idFarmacia`, `idDeposito`, `idTransferencia`, `fecha`, `estado`) VALUES (91319237, 253534243, 4934, '1988-08-03', '1');
INSERT INTO `Transferencias` (`idFarmacia`, `idDeposito`, `idTransferencia`, `fecha`, `estado`) VALUES (1546539, 5286504, 6869, '1995-12-10', '');
INSERT INTO `Transferencias` (`idFarmacia`, `idDeposito`, `idTransferencia`, `fecha`, `estado`) VALUES (65466, 233977, 7483, '2017-01-15', '');
INSERT INTO `Transferencias` (`idFarmacia`, `idDeposito`, `idTransferencia`, `fecha`, `estado`) VALUES (95, 84, 7543, '1981-03-24', '1');
INSERT INTO `Transferencias` (`idFarmacia`, `idDeposito`, `idTransferencia`, `fecha`, `estado`) VALUES (626360692, 561607438, 7858, '2011-05-13', '');
INSERT INTO `Transferencias` (`idFarmacia`, `idDeposito`, `idTransferencia`, `fecha`, `estado`) VALUES (44317712, 79223256, 8808, '1999-05-18', '1');
INSERT INTO `Transferencias` (`idFarmacia`, `idDeposito`, `idTransferencia`, `fecha`, `estado`) VALUES (4446020, 8063692, 8895, '1985-09-09', '1');
INSERT INTO `Transferencias` (`idFarmacia`, `idDeposito`, `idTransferencia`, `fecha`, `estado`) VALUES (334122329, 391787990, 9430, '2016-01-28', '1');
INSERT INTO `Transferencias` (`idFarmacia`, `idDeposito`, `idTransferencia`, `fecha`, `estado`) VALUES (894790412, 891051439, 9628, '2002-08-08', '1');
INSERT INTO `Transferencias` (`idFarmacia`, `idDeposito`, `idTransferencia`, `fecha`, `estado`) VALUES (54, 61, 32964, '2016-10-14', '');
INSERT INTO `Transferencias` (`idFarmacia`, `idDeposito`, `idTransferencia`, `fecha`, `estado`) VALUES (45181724, 80546129, 42451, '2000-04-23', '1');
INSERT INTO `Transferencias` (`idFarmacia`, `idDeposito`, `idTransferencia`, `fecha`, `estado`) VALUES (57, 62, 49858, '2006-01-15', '');
INSERT INTO `Transferencias` (`idFarmacia`, `idDeposito`, `idTransferencia`, `fecha`, `estado`) VALUES (89277827, 193368558, 50081, '1991-09-02', '');
INSERT INTO `Transferencias` (`idFarmacia`, `idDeposito`, `idTransferencia`, `fecha`, `estado`) VALUES (1568, 9402, 60660, '1976-05-31', '');
INSERT INTO `Transferencias` (`idFarmacia`, `idDeposito`, `idTransferencia`, `fecha`, `estado`) VALUES (13841016, 33459837, 62129, '1972-09-24', '1');
INSERT INTO `Transferencias` (`idFarmacia`, `idDeposito`, `idTransferencia`, `fecha`, `estado`) VALUES (7, 7, 70214, '2009-08-14', '');
INSERT INTO `Transferencias` (`idFarmacia`, `idDeposito`, `idTransferencia`, `fecha`, `estado`) VALUES (928038233, 967429948, 85013, '1997-09-02', '');
INSERT INTO `Transferencias` (`idFarmacia`, `idDeposito`, `idTransferencia`, `fecha`, `estado`) VALUES (91956252, 271949790, 87378, '1971-02-27', '1');
INSERT INTO `Transferencias` (`idFarmacia`, `idDeposito`, `idTransferencia`, `fecha`, `estado`) VALUES (9, 9, 94272, '1982-03-17', '');
INSERT INTO `Transferencias` (`idFarmacia`, `idDeposito`, `idTransferencia`, `fecha`, `estado`) VALUES (910, 8401, 98040, '2014-02-22', '');
INSERT INTO `Transferencias` (`idFarmacia`, `idDeposito`, `idTransferencia`, `fecha`, `estado`) VALUES (5916, 46061, 197971, '1988-06-21', '1');
INSERT INTO `Transferencias` (`idFarmacia`, `idDeposito`, `idTransferencia`, `fecha`, `estado`) VALUES (6946, 71783, 348713, '1983-08-18', '');
INSERT INTO `Transferencias` (`idFarmacia`, `idDeposito`, `idTransferencia`, `fecha`, `estado`) VALUES (1, 1, 510936, '2021-03-12', '');
INSERT INTO `Transferencias` (`idFarmacia`, `idDeposito`, `idTransferencia`, `fecha`, `estado`) VALUES (704928, 3504783, 521701, '1998-12-06', '1');
INSERT INTO `Transferencias` (`idFarmacia`, `idDeposito`, `idTransferencia`, `fecha`, `estado`) VALUES (71849761, 99656652, 653181, '1986-12-23', '1');
INSERT INTO `Transferencias` (`idFarmacia`, `idDeposito`, `idTransferencia`, `fecha`, `estado`) VALUES (77057, 399918, 653583, '2000-03-28', '1');
INSERT INTO `Transferencias` (`idFarmacia`, `idDeposito`, `idTransferencia`, `fecha`, `estado`) VALUES (9789, 95260, 771984, '2015-04-24', '');
INSERT INTO `Transferencias` (`idFarmacia`, `idDeposito`, `idTransferencia`, `fecha`, `estado`) VALUES (50, 52, 797146, '1995-06-25', '1');
INSERT INTO `Transferencias` (`idFarmacia`, `idDeposito`, `idTransferencia`, `fecha`, `estado`) VALUES (6, 5, 841790, '1996-03-26', '');
INSERT INTO `Transferencias` (`idFarmacia`, `idDeposito`, `idTransferencia`, `fecha`, `estado`) VALUES (2489699, 6919388, 898044, '1999-10-02', '1');
INSERT INTO `Transferencias` (`idFarmacia`, `idDeposito`, `idTransferencia`, `fecha`, `estado`) VALUES (570, 2946, 976501, '1988-06-28', '');
INSERT INTO `Transferencias` (`idFarmacia`, `idDeposito`, `idTransferencia`, `fecha`, `estado`) VALUES (99, 264, 3223451, '2022-11-01', '1');
INSERT INTO `Transferencias` (`idFarmacia`, `idDeposito`, `idTransferencia`, `fecha`, `estado`) VALUES (68782418, 90939019, 4002348, '1979-11-02', '1');
INSERT INTO `Transferencias` (`idFarmacia`, `idDeposito`, `idTransferencia`, `fecha`, `estado`) VALUES (797948, 4527572, 4907253, '1997-12-13', '');
INSERT INTO `Transferencias` (`idFarmacia`, `idDeposito`, `idTransferencia`, `fecha`, `estado`) VALUES (4, 4, 5310744, '1970-02-17', '1');
INSERT INTO `Transferencias` (`idFarmacia`, `idDeposito`, `idTransferencia`, `fecha`, `estado`) VALUES (5445233, 8509689, 5594250, '1976-07-28', '1');
INSERT INTO `Transferencias` (`idFarmacia`, `idDeposito`, `idTransferencia`, `fecha`, `estado`) VALUES (34079716, 56530386, 5722834, '2006-03-06', '');
INSERT INTO `Transferencias` (`idFarmacia`, `idDeposito`, `idTransferencia`, `fecha`, `estado`) VALUES (31911323, 38365700, 7170411, '2003-04-10', '1');
INSERT INTO `Transferencias` (`idFarmacia`, `idDeposito`, `idTransferencia`, `fecha`, `estado`) VALUES (579270, 982460, 7522324, '2006-07-18', '');
INSERT INTO `Transferencias` (`idFarmacia`, `idDeposito`, `idTransferencia`, `fecha`, `estado`) VALUES (7983, 84779, 7895328, '1992-07-24', '');
INSERT INTO `Transferencias` (`idFarmacia`, `idDeposito`, `idTransferencia`, `fecha`, `estado`) VALUES (110, 272, 9066221, '2010-05-16', '1');
INSERT INTO `Transferencias` (`idFarmacia`, `idDeposito`, `idTransferencia`, `fecha`, `estado`) VALUES (82881, 563497, 9255882, '1984-01-04', '1');
INSERT INTO `Transferencias` (`idFarmacia`, `idDeposito`, `idTransferencia`, `fecha`, `estado`) VALUES (475089, 640090, 9351291, '1998-11-20', '1');
INSERT INTO `Transferencias` (`idFarmacia`, `idDeposito`, `idTransferencia`, `fecha`, `estado`) VALUES (8910, 85639, 28602282, '2013-06-02', '');
INSERT INTO `Transferencias` (`idFarmacia`, `idDeposito`, `idTransferencia`, `fecha`, `estado`) VALUES (928883243, 967994185, 40354280, '1973-01-30', '');
INSERT INTO `Transferencias` (`idFarmacia`, `idDeposito`, `idTransferencia`, `fecha`, `estado`) VALUES (6664, 66467, 50479869, '1972-10-17', '1');
INSERT INTO `Transferencias` (`idFarmacia`, `idDeposito`, `idTransferencia`, `fecha`, `estado`) VALUES (501972, 771138, 53662865, '2000-02-29', '1');
INSERT INTO `Transferencias` (`idFarmacia`, `idDeposito`, `idTransferencia`, `fecha`, `estado`) VALUES (837, 7143, 54068135, '1990-01-02', '');
INSERT INTO `Transferencias` (`idFarmacia`, `idDeposito`, `idTransferencia`, `fecha`, `estado`) VALUES (41848, 97573, 71638305, '1998-02-14', '1');
INSERT INTO `Transferencias` (`idFarmacia`, `idDeposito`, `idTransferencia`, `fecha`, `estado`) VALUES (63504038, 82747415, 71933129, '1993-11-14', '1');
INSERT INTO `Transferencias` (`idFarmacia`, `idDeposito`, `idTransferencia`, `fecha`, `estado`) VALUES (791379, 4126220, 72792824, '1993-11-28', '1');
INSERT INTO `Transferencias` (`idFarmacia`, `idDeposito`, `idTransferencia`, `fecha`, `estado`) VALUES (8, 8, 75565707, '1981-12-24', '1');
INSERT INTO `Transferencias` (`idFarmacia`, `idDeposito`, `idTransferencia`, `fecha`, `estado`) VALUES (263, 723, 82176039, '2014-08-03', '1');
INSERT INTO `Transferencias` (`idFarmacia`, `idDeposito`, `idTransferencia`, `fecha`, `estado`) VALUES (4090344, 7656775, 110163620, '1998-08-02', '');
INSERT INTO `Transferencias` (`idFarmacia`, `idDeposito`, `idTransferencia`, `fecha`, `estado`) VALUES (5885, 42193, 183338246, '1991-11-05', '');
INSERT INTO `Transferencias` (`idFarmacia`, `idDeposito`, `idTransferencia`, `fecha`, `estado`) VALUES (528849, 804051, 232795674, '1974-05-27', '1');
INSERT INTO `Transferencias` (`idFarmacia`, `idDeposito`, `idTransferencia`, `fecha`, `estado`) VALUES (6935778, 12952407, 293417239, '1987-04-25', '');
INSERT INTO `Transferencias` (`idFarmacia`, `idDeposito`, `idTransferencia`, `fecha`, `estado`) VALUES (544803123, 424798180, 435883168, '1989-11-04', '1');
INSERT INTO `Transferencias` (`idFarmacia`, `idDeposito`, `idTransferencia`, `fecha`, `estado`) VALUES (25, 24, 459488675, '1995-06-15', '');
INSERT INTO `Transferencias` (`idFarmacia`, `idDeposito`, `idTransferencia`, `fecha`, `estado`) VALUES (6253948, 9765444, 598004073, '2020-09-07', '1');
INSERT INTO `Transferencias` (`idFarmacia`, `idDeposito`, `idTransferencia`, `fecha`, `estado`) VALUES (554, 2571, 634151622, '1973-09-19', '1');
INSERT INTO `Transferencias` (`idFarmacia`, `idDeposito`, `idTransferencia`, `fecha`, `estado`) VALUES (397, 883, 634282883, '2019-04-21', '1');
INSERT INTO `Transferencias` (`idFarmacia`, `idDeposito`, `idTransferencia`, `fecha`, `estado`) VALUES (7578, 79832, 887065171, '1987-03-12', '1');
INSERT INTO `Transferencias` (`idFarmacia`, `idDeposito`, `idTransferencia`, `fecha`, `estado`) VALUES (893638799, 871415336, 905369829, '2014-01-14', '');
INSERT INTO `Transferencias` (`idFarmacia`, `idDeposito`, `idTransferencia`, `fecha`, `estado`) VALUES (8412269, 24584476, 912890921, '1985-10-04', '1');





INSERT INTO `LineaTransferencia` (`idTransferencia`, `cantidadMedicamento`, `idMedicamento`) VALUES (0, 711, 442);
INSERT INTO `LineaTransferencia` (`idTransferencia`, `cantidadMedicamento`, `idMedicamento`) VALUES (0, 2577467, 4406);
INSERT INTO `LineaTransferencia` (`idTransferencia`, `cantidadMedicamento`, `idMedicamento`) VALUES (0, 33159032, 5646);
INSERT INTO `LineaTransferencia` (`idTransferencia`, `cantidadMedicamento`, `idMedicamento`) VALUES (0, 64, 8286);
INSERT INTO `LineaTransferencia` (`idTransferencia`, `cantidadMedicamento`, `idMedicamento`) VALUES (0, 84679, 47021);
INSERT INTO `LineaTransferencia` (`idTransferencia`, `cantidadMedicamento`, `idMedicamento`) VALUES (0, 6753628, 98859);
INSERT INTO `LineaTransferencia` (`idTransferencia`, `cantidadMedicamento`, `idMedicamento`) VALUES (0, 194670, 176967);
INSERT INTO `LineaTransferencia` (`idTransferencia`, `cantidadMedicamento`, `idMedicamento`) VALUES (0, 161329508, 654145);
INSERT INTO `LineaTransferencia` (`idTransferencia`, `cantidadMedicamento`, `idMedicamento`) VALUES (0, 47885802, 2504993);
INSERT INTO `LineaTransferencia` (`idTransferencia`, `cantidadMedicamento`, `idMedicamento`) VALUES (0, 57784106, 96084465);
INSERT INTO `LineaTransferencia` (`idTransferencia`, `cantidadMedicamento`, `idMedicamento`) VALUES (0, 2775, 138315958);
INSERT INTO `LineaTransferencia` (`idTransferencia`, `cantidadMedicamento`, `idMedicamento`) VALUES (1, 42913559, 73621);
INSERT INTO `LineaTransferencia` (`idTransferencia`, `cantidadMedicamento`, `idMedicamento`) VALUES (2, 0, 4);
INSERT INTO `LineaTransferencia` (`idTransferencia`, `cantidadMedicamento`, `idMedicamento`) VALUES (2, 9, 549);
INSERT INTO `LineaTransferencia` (`idTransferencia`, `cantidadMedicamento`, `idMedicamento`) VALUES (3, 0, 754);
INSERT INTO `LineaTransferencia` (`idTransferencia`, `cantidadMedicamento`, `idMedicamento`) VALUES (7, 1972, 262428604);
INSERT INTO `LineaTransferencia` (`idTransferencia`, `cantidadMedicamento`, `idMedicamento`) VALUES (8, 48204, 803752);
INSERT INTO `LineaTransferencia` (`idTransferencia`, `cantidadMedicamento`, `idMedicamento`) VALUES (9, 842052, 4030);
INSERT INTO `LineaTransferencia` (`idTransferencia`, `cantidadMedicamento`, `idMedicamento`) VALUES (9, 7, 8956745);
INSERT INTO `LineaTransferencia` (`idTransferencia`, `cantidadMedicamento`, `idMedicamento`) VALUES (82, 827, 74);


#
# TABLE STRUCTURE FOR: MedicamentoTieneAT
#


#
# TABLE STRUCTURE FOR: MedicamentoTieneMD
#
INSERT INTO `MonoDrogas` (`nombreCientifico`, `nombreComercial`) VALUES ('abartell', 'schimmel.myrl');
INSERT INTO `MonoDrogas` (`nombreCientifico`, `nombreComercial`) VALUES ('abner.grimes', 'kris.vincenzo');
INSERT INTO `MonoDrogas` (`nombreCientifico`, `nombreComercial`) VALUES ('adah.kuvalis', 'uschiller');
INSERT INTO `MonoDrogas` (`nombreCientifico`, `nombreComercial`) VALUES ('agustin34', 'lucius.collins');
INSERT INTO `MonoDrogas` (`nombreCientifico`, `nombreComercial`) VALUES ('alek.hoeger', 'fbode');
INSERT INTO `MonoDrogas` (`nombreCientifico`, `nombreComercial`) VALUES ('amaya59', 'nhoppe');
INSERT INTO `MonoDrogas` (`nombreCientifico`, `nombreComercial`) VALUES ('americo.hettinger', 'gianni.oberbrunner');
INSERT INTO `MonoDrogas` (`nombreCientifico`, `nombreComercial`) VALUES ('antonina19', 'vwiegand');
INSERT INTO `MonoDrogas` (`nombreCientifico`, `nombreComercial`) VALUES ('ari.casper', 'braun.ismael');
INSERT INTO `MonoDrogas` (`nombreCientifico`, `nombreComercial`) VALUES ('august83', 'wveum');
INSERT INTO `MonoDrogas` (`nombreCientifico`, `nombreComercial`) VALUES ('aziemann', 'kathlyn43');
INSERT INTO `MonoDrogas` (`nombreCientifico`, `nombreComercial`) VALUES ('bartell.vergie', 'nokuneva');
INSERT INTO `MonoDrogas` (`nombreCientifico`, `nombreComercial`) VALUES ('batz.kasandra', 'bettye08');
INSERT INTO `MonoDrogas` (`nombreCientifico`, `nombreComercial`) VALUES ('bogan.jayce', 'chester50');
INSERT INTO `MonoDrogas` (`nombreCientifico`, `nombreComercial`) VALUES ('boris88', 'xlabadie');
INSERT INTO `MonoDrogas` (`nombreCientifico`, `nombreComercial`) VALUES ('britney.grady', 'jesus84');
INSERT INTO `MonoDrogas` (`nombreCientifico`, `nombreComercial`) VALUES ('cierra77', 'steve59');
INSERT INTO `MonoDrogas` (`nombreCientifico`, `nombreComercial`) VALUES ('cora27', 'lemke.ivory');
INSERT INTO `MonoDrogas` (`nombreCientifico`, `nombreComercial`) VALUES ('crystel14', 'dietrich.jerald');
INSERT INTO `MonoDrogas` (`nombreCientifico`, `nombreComercial`) VALUES ('darron.greenfelder', 'nat.effertz');
INSERT INTO `MonoDrogas` (`nombreCientifico`, `nombreComercial`) VALUES ('dayton05', 'hagenes.lorna');
INSERT INTO `MonoDrogas` (`nombreCientifico`, `nombreComercial`) VALUES ('ddoyle', 'herman.emmet');
INSERT INTO `MonoDrogas` (`nombreCientifico`, `nombreComercial`) VALUES ('dickens.eusebio', 'angeline30');
INSERT INTO `MonoDrogas` (`nombreCientifico`, `nombreComercial`) VALUES ('dicki.christine', 'odessa82');
INSERT INTO `MonoDrogas` (`nombreCientifico`, `nombreComercial`) VALUES ('dicki.domenick', 'corine.sawayn');
INSERT INTO `MonoDrogas` (`nombreCientifico`, `nombreComercial`) VALUES ('dooley.finn', 'brenden.ratke');
INSERT INTO `MonoDrogas` (`nombreCientifico`, `nombreComercial`) VALUES ('dubuque.tania', 'edavis');
INSERT INTO `MonoDrogas` (`nombreCientifico`, `nombreComercial`) VALUES ('edythe48', 'erin.wintheiser');
INSERT INTO `MonoDrogas` (`nombreCientifico`, `nombreComercial`) VALUES ('estella54', 'adams.lawrence');
INSERT INTO `MonoDrogas` (`nombreCientifico`, `nombreComercial`) VALUES ('fgreenholt', 'daniella.mann');
INSERT INTO `MonoDrogas` (`nombreCientifico`, `nombreComercial`) VALUES ('frieda.altenwerth', 'waelchi.nella');
INSERT INTO `MonoDrogas` (`nombreCientifico`, `nombreComercial`) VALUES ('gaylord.maud', 'gulgowski.andreanne');
INSERT INTO `MonoDrogas` (`nombreCientifico`, `nombreComercial`) VALUES ('gborer', 'ashley46');
INSERT INTO `MonoDrogas` (`nombreCientifico`, `nombreComercial`) VALUES ('greenfelder.brendan', 'fschulist');
INSERT INTO `MonoDrogas` (`nombreCientifico`, `nombreComercial`) VALUES ('hhackett', 'tyrel.bosco');
INSERT INTO `MonoDrogas` (`nombreCientifico`, `nombreComercial`) VALUES ('hodkiewicz.tremaine', 'stiedemann.verdie');
INSERT INTO `MonoDrogas` (`nombreCientifico`, `nombreComercial`) VALUES ('hyatt.perry', 'edubuque');
INSERT INTO `MonoDrogas` (`nombreCientifico`, `nombreComercial`) VALUES ('israel.bergnaum', 'enola35');
INSERT INTO `MonoDrogas` (`nombreCientifico`, `nombreComercial`) VALUES ('jade.effertz', 'earnest.kovacek');
INSERT INTO `MonoDrogas` (`nombreCientifico`, `nombreComercial`) VALUES ('janelle25', 'betsy.raynor');
INSERT INTO `MonoDrogas` (`nombreCientifico`, `nombreComercial`) VALUES ('jaron64', 'hhalvorson');
INSERT INTO `MonoDrogas` (`nombreCientifico`, `nombreComercial`) VALUES ('jaycee21', 'violet32');
INSERT INTO `MonoDrogas` (`nombreCientifico`, `nombreComercial`) VALUES ('jaylon.aufderhar', 'qconroy');
INSERT INTO `MonoDrogas` (`nombreCientifico`, `nombreComercial`) VALUES ('jeanette.cronin', 'buford65');
INSERT INTO `MonoDrogas` (`nombreCientifico`, `nombreComercial`) VALUES ('jess.moen', 'abraham.howe');
INSERT INTO `MonoDrogas` (`nombreCientifico`, `nombreComercial`) VALUES ('jimmie.waelchi', 'alexandrine96');
INSERT INTO `MonoDrogas` (`nombreCientifico`, `nombreComercial`) VALUES ('jjohns', 'raymundo17');
INSERT INTO `MonoDrogas` (`nombreCientifico`, `nombreComercial`) VALUES ('jones.shad', 'dahlia.predovic');
INSERT INTO `MonoDrogas` (`nombreCientifico`, `nombreComercial`) VALUES ('jovanny32', 'trystan.dubuque');
INSERT INTO `MonoDrogas` (`nombreCientifico`, `nombreComercial`) VALUES ('jsauer', 'morar.ricky');
INSERT INTO `MonoDrogas` (`nombreCientifico`, `nombreComercial`) VALUES ('jsmith', 'spencer.winnifred');
INSERT INTO `MonoDrogas` (`nombreCientifico`, `nombreComercial`) VALUES ('junius85', 'schaefer.malinda');
INSERT INTO `MonoDrogas` (`nombreCientifico`, `nombreComercial`) VALUES ('kiara.klocko', 'destiney.mitchell');
INSERT INTO `MonoDrogas` (`nombreCientifico`, `nombreComercial`) VALUES ('kspencer', 'tremblay.hunter');
INSERT INTO `MonoDrogas` (`nombreCientifico`, `nombreComercial`) VALUES ('kyleigh83', 'kirlin.dessie');
INSERT INTO `MonoDrogas` (`nombreCientifico`, `nombreComercial`) VALUES ('lkessler', 'sophie.ebert');
INSERT INTO `MonoDrogas` (`nombreCientifico`, `nombreComercial`) VALUES ('lois.wiza', 'hodkiewicz.adolph');
INSERT INTO `MonoDrogas` (`nombreCientifico`, `nombreComercial`) VALUES ('loy.ratke', 'kennedy85');
INSERT INTO `MonoDrogas` (`nombreCientifico`, `nombreComercial`) VALUES ('ludwig34', 'yweissnat');
INSERT INTO `MonoDrogas` (`nombreCientifico`, `nombreComercial`) VALUES ('lwindler', 'elna.kunde');
INSERT INTO `MonoDrogas` (`nombreCientifico`, `nombreComercial`) VALUES ('maddison.altenwerth', 'o\'reilly.sharon');
INSERT INTO `MonoDrogas` (`nombreCientifico`, `nombreComercial`) VALUES ('mafalda.huels', 'sonya65');
INSERT INTO `MonoDrogas` (`nombreCientifico`, `nombreComercial`) VALUES ('maia25', 'mohamed25');
INSERT INTO `MonoDrogas` (`nombreCientifico`, `nombreComercial`) VALUES ('marjorie.marquardt', 'cary.fay');
INSERT INTO `MonoDrogas` (`nombreCientifico`, `nombreComercial`) VALUES ('mazie67', 'wiegand.selina');
INSERT INTO `MonoDrogas` (`nombreCientifico`, `nombreComercial`) VALUES ('mboyer', 'alicia67');
INSERT INTO `MonoDrogas` (`nombreCientifico`, `nombreComercial`) VALUES ('miracle71', 'jaylen.olson');
INSERT INTO `MonoDrogas` (`nombreCientifico`, `nombreComercial`) VALUES ('mortimer86', 'dooley.marjorie');
INSERT INTO `MonoDrogas` (`nombreCientifico`, `nombreComercial`) VALUES ('myrtie85', 'rodrigo64');
INSERT INTO `MonoDrogas` (`nombreCientifico`, `nombreComercial`) VALUES ('neil33', 'samara.gutmann');
INSERT INTO `MonoDrogas` (`nombreCientifico`, `nombreComercial`) VALUES ('nhammes', 'lou.romaguera');
INSERT INTO `MonoDrogas` (`nombreCientifico`, `nombreComercial`) VALUES ('nick.lueilwitz', 'dora.braun');
INSERT INTO `MonoDrogas` (`nombreCientifico`, `nombreComercial`) VALUES ('rahsaan01', 'destany.koss');
INSERT INTO `MonoDrogas` (`nombreCientifico`, `nombreComercial`) VALUES ('rebeca.ledner', 'silas.bergnaum');
INSERT INTO `MonoDrogas` (`nombreCientifico`, `nombreComercial`) VALUES ('ricky37', 'bill97');
INSERT INTO `MonoDrogas` (`nombreCientifico`, `nombreComercial`) VALUES ('rodolfo.skiles', 'welch.kaleigh');
INSERT INTO `MonoDrogas` (`nombreCientifico`, `nombreComercial`) VALUES ('rodrick31', 'pcorwin');
INSERT INTO `MonoDrogas` (`nombreCientifico`, `nombreComercial`) VALUES ('rohan.celestino', 'schiller.kory');
INSERT INTO `MonoDrogas` (`nombreCientifico`, `nombreComercial`) VALUES ('rosetta22', 'lo\'keefe');
INSERT INTO `MonoDrogas` (`nombreCientifico`, `nombreComercial`) VALUES ('roy.bogisich', 'boyer.lila');
INSERT INTO `MonoDrogas` (`nombreCientifico`, `nombreComercial`) VALUES ('sadie28', 'noe.stokes');
INSERT INTO `MonoDrogas` (`nombreCientifico`, `nombreComercial`) VALUES ('sanford.emerson', 'jovany.daniel');
INSERT INTO `MonoDrogas` (`nombreCientifico`, `nombreComercial`) VALUES ('smith.chaya', 'daisha71');
INSERT INTO `MonoDrogas` (`nombreCientifico`, `nombreComercial`) VALUES ('stamm.rosella', 'charris');
INSERT INTO `MonoDrogas` (`nombreCientifico`, `nombreComercial`) VALUES ('stoltenberg.blaze', 'kerluke.deangelo');
INSERT INTO `MonoDrogas` (`nombreCientifico`, `nombreComercial`) VALUES ('stoltenberg.taryn', 'qrussel');
INSERT INTO `MonoDrogas` (`nombreCientifico`, `nombreComercial`) VALUES ('stracke.juston', 'ecorwin');
INSERT INTO `MonoDrogas` (`nombreCientifico`, `nombreComercial`) VALUES ('swolf', 'ubailey');
INSERT INTO `MonoDrogas` (`nombreCientifico`, `nombreComercial`) VALUES ('talon06', 'stamm.reba');
INSERT INTO `MonoDrogas` (`nombreCientifico`, `nombreComercial`) VALUES ('telly37', 'akrajcik');
INSERT INTO `MonoDrogas` (`nombreCientifico`, `nombreComercial`) VALUES ('umante', 'raynor.prudence');
INSERT INTO `MonoDrogas` (`nombreCientifico`, `nombreComercial`) VALUES ('vnikolaus', 'okshlerin');
INSERT INTO `MonoDrogas` (`nombreCientifico`, `nombreComercial`) VALUES ('vwatsica', 'schulist.nola');
INSERT INTO `MonoDrogas` (`nombreCientifico`, `nombreComercial`) VALUES ('wfisher', 'kmetz');
INSERT INTO `MonoDrogas` (`nombreCientifico`, `nombreComercial`) VALUES ('wilkinson.sarina', 'buddy.boehm');
INSERT INTO `MonoDrogas` (`nombreCientifico`, `nombreComercial`) VALUES ('wmann', 'upton.chanel');
INSERT INTO `MonoDrogas` (`nombreCientifico`, `nombreComercial`) VALUES ('xhansen', 'ubahringer');
INSERT INTO `MonoDrogas` (`nombreCientifico`, `nombreComercial`) VALUES ('yessenia.zemlak', 'dparker');
INSERT INTO `MonoDrogas` (`nombreCientifico`, `nombreComercial`) VALUES ('zboncak.herbert', 'anderson.eva');
INSERT INTO `MonoDrogas` (`nombreCientifico`, `nombreComercial`) VALUES ('zulauf.charlotte', 'ecummerata');



INSERT INTO `MedicamentoTieneMD` (`idMedicamento`, `nombreCientifico`) VALUES (0, 'abartell');
INSERT INTO `MedicamentoTieneMD` (`idMedicamento`, `nombreCientifico`) VALUES (1, 'abner.grimes');
INSERT INTO `MedicamentoTieneMD` (`idMedicamento`, `nombreCientifico`) VALUES (3, 'adah.kuvalis');
INSERT INTO `MedicamentoTieneMD` (`idMedicamento`, `nombreCientifico`) VALUES (4, 'agustin34');
INSERT INTO `MedicamentoTieneMD` (`idMedicamento`, `nombreCientifico`) VALUES (5, 'alek.hoeger');
INSERT INTO `MedicamentoTieneMD` (`idMedicamento`, `nombreCientifico`) VALUES (6, 'amaya59');
INSERT INTO `MedicamentoTieneMD` (`idMedicamento`, `nombreCientifico`) VALUES (9, 'americo.hettinger');
INSERT INTO `MedicamentoTieneMD` (`idMedicamento`, `nombreCientifico`) VALUES (11, 'antonina19');
INSERT INTO `MedicamentoTieneMD` (`idMedicamento`, `nombreCientifico`) VALUES (12, 'ari.casper');
INSERT INTO `MedicamentoTieneMD` (`idMedicamento`, `nombreCientifico`) VALUES (18, 'august83');
INSERT INTO `MedicamentoTieneMD` (`idMedicamento`, `nombreCientifico`) VALUES (41, 'aziemann');
INSERT INTO `MedicamentoTieneMD` (`idMedicamento`, `nombreCientifico`) VALUES (64, 'bartell.vergie');
INSERT INTO `MedicamentoTieneMD` (`idMedicamento`, `nombreCientifico`) VALUES (69, 'batz.kasandra');
INSERT INTO `MedicamentoTieneMD` (`idMedicamento`, `nombreCientifico`) VALUES (70, 'bogan.jayce');
INSERT INTO `MedicamentoTieneMD` (`idMedicamento`, `nombreCientifico`) VALUES (74, 'boris88');
INSERT INTO `MedicamentoTieneMD` (`idMedicamento`, `nombreCientifico`) VALUES (77, 'britney.grady');
INSERT INTO `MedicamentoTieneMD` (`idMedicamento`, `nombreCientifico`) VALUES (86, 'cierra77');
INSERT INTO `MedicamentoTieneMD` (`idMedicamento`, `nombreCientifico`) VALUES (92, 'cora27');
INSERT INTO `MedicamentoTieneMD` (`idMedicamento`, `nombreCientifico`) VALUES (125, 'crystel14');
INSERT INTO `MedicamentoTieneMD` (`idMedicamento`, `nombreCientifico`) VALUES (442, 'darron.greenfelder');
INSERT INTO `MedicamentoTieneMD` (`idMedicamento`, `nombreCientifico`) VALUES (475, 'dayton05');
INSERT INTO `MedicamentoTieneMD` (`idMedicamento`, `nombreCientifico`) VALUES (532, 'ddoyle');
INSERT INTO `MedicamentoTieneMD` (`idMedicamento`, `nombreCientifico`) VALUES (549, 'dickens.eusebio');
INSERT INTO `MedicamentoTieneMD` (`idMedicamento`, `nombreCientifico`) VALUES (730, 'dicki.christine');
INSERT INTO `MedicamentoTieneMD` (`idMedicamento`, `nombreCientifico`) VALUES (754, 'dicki.domenick');
INSERT INTO `MedicamentoTieneMD` (`idMedicamento`, `nombreCientifico`) VALUES (890, 'dooley.finn');
INSERT INTO `MedicamentoTieneMD` (`idMedicamento`, `nombreCientifico`) VALUES (985, 'dubuque.tania');
INSERT INTO `MedicamentoTieneMD` (`idMedicamento`, `nombreCientifico`) VALUES (1499, 'edythe48');
INSERT INTO `MedicamentoTieneMD` (`idMedicamento`, `nombreCientifico`) VALUES (1630, 'estella54');
INSERT INTO `MedicamentoTieneMD` (`idMedicamento`, `nombreCientifico`) VALUES (3102, 'fgreenholt');
INSERT INTO `MedicamentoTieneMD` (`idMedicamento`, `nombreCientifico`) VALUES (3487, 'frieda.altenwerth');
INSERT INTO `MedicamentoTieneMD` (`idMedicamento`, `nombreCientifico`) VALUES (4030, 'gaylord.maud');
INSERT INTO `MedicamentoTieneMD` (`idMedicamento`, `nombreCientifico`) VALUES (4406, 'gborer');
INSERT INTO `MedicamentoTieneMD` (`idMedicamento`, `nombreCientifico`) VALUES (4640, 'greenfelder.brendan');
INSERT INTO `MedicamentoTieneMD` (`idMedicamento`, `nombreCientifico`) VALUES (5473, 'hhackett');
INSERT INTO `MedicamentoTieneMD` (`idMedicamento`, `nombreCientifico`) VALUES (5646, 'hodkiewicz.tremaine');
INSERT INTO `MedicamentoTieneMD` (`idMedicamento`, `nombreCientifico`) VALUES (6781, 'hyatt.perry');
INSERT INTO `MedicamentoTieneMD` (`idMedicamento`, `nombreCientifico`) VALUES (7702, 'israel.bergnaum');
INSERT INTO `MedicamentoTieneMD` (`idMedicamento`, `nombreCientifico`) VALUES (8286, 'jade.effertz');
INSERT INTO `MedicamentoTieneMD` (`idMedicamento`, `nombreCientifico`) VALUES (8817, 'janelle25');


#
# TABLE STRUCTURE FOR: Medicamentos
#




#
# TABLE STRUCTURE FOR: MonoDrogas
#





#
# TABLE STRUCTURE FOR: StockDeposito
#


INSERT INTO `StockDeposito` (`idDeposito`, `idMedicamento`) VALUES (0, 0);
INSERT INTO `StockDeposito` (`idDeposito`, `idMedicamento`) VALUES (1, 1);
INSERT INTO `StockDeposito` (`idDeposito`, `idMedicamento`) VALUES (2, 3);
INSERT INTO `StockDeposito` (`idDeposito`, `idMedicamento`) VALUES (3, 4);
INSERT INTO `StockDeposito` (`idDeposito`, `idMedicamento`) VALUES (4, 5);
INSERT INTO `StockDeposito` (`idDeposito`, `idMedicamento`) VALUES (5, 6);
INSERT INTO `StockDeposito` (`idDeposito`, `idMedicamento`) VALUES (7, 9);
INSERT INTO `StockDeposito` (`idDeposito`, `idMedicamento`) VALUES (8, 11);
INSERT INTO `StockDeposito` (`idDeposito`, `idMedicamento`) VALUES (9, 12);
INSERT INTO `StockDeposito` (`idDeposito`, `idMedicamento`) VALUES (11, 18);
INSERT INTO `StockDeposito` (`idDeposito`, `idMedicamento`) VALUES (24, 41);
INSERT INTO `StockDeposito` (`idDeposito`, `idMedicamento`) VALUES (46, 64);
INSERT INTO `StockDeposito` (`idDeposito`, `idMedicamento`) VALUES (51, 69);
INSERT INTO `StockDeposito` (`idDeposito`, `idMedicamento`) VALUES (52, 70);
INSERT INTO `StockDeposito` (`idDeposito`, `idMedicamento`) VALUES (61, 74);
INSERT INTO `StockDeposito` (`idDeposito`, `idMedicamento`) VALUES (62, 77);
INSERT INTO `StockDeposito` (`idDeposito`, `idMedicamento`) VALUES (67, 86);
INSERT INTO `StockDeposito` (`idDeposito`, `idMedicamento`) VALUES (80, 92);
INSERT INTO `StockDeposito` (`idDeposito`, `idMedicamento`) VALUES (84, 125);
INSERT INTO `StockDeposito` (`idDeposito`, `idMedicamento`) VALUES (264, 442);
INSERT INTO `StockDeposito` (`idDeposito`, `idMedicamento`) VALUES (272, 475);
INSERT INTO `StockDeposito` (`idDeposito`, `idMedicamento`) VALUES (322, 532);
INSERT INTO `StockDeposito` (`idDeposito`, `idMedicamento`) VALUES (390, 549);
INSERT INTO `StockDeposito` (`idDeposito`, `idMedicamento`) VALUES (463, 730);
INSERT INTO `StockDeposito` (`idDeposito`, `idMedicamento`) VALUES (654, 754);
INSERT INTO `StockDeposito` (`idDeposito`, `idMedicamento`) VALUES (723, 890);
INSERT INTO `StockDeposito` (`idDeposito`, `idMedicamento`) VALUES (830, 985);
INSERT INTO `StockDeposito` (`idDeposito`, `idMedicamento`) VALUES (883, 1499);
INSERT INTO `StockDeposito` (`idDeposito`, `idMedicamento`) VALUES (956, 1630);
INSERT INTO `StockDeposito` (`idDeposito`, `idMedicamento`) VALUES (976, 3102);
INSERT INTO `StockDeposito` (`idDeposito`, `idMedicamento`) VALUES (1260, 3487);
INSERT INTO `StockDeposito` (`idDeposito`, `idMedicamento`) VALUES (2571, 4030);
INSERT INTO `StockDeposito` (`idDeposito`, `idMedicamento`) VALUES (2946, 4406);
INSERT INTO `StockDeposito` (`idDeposito`, `idMedicamento`) VALUES (4015, 4640);
INSERT INTO `StockDeposito` (`idDeposito`, `idMedicamento`) VALUES (6011, 5473);
INSERT INTO `StockDeposito` (`idDeposito`, `idMedicamento`) VALUES (6356, 5646);
INSERT INTO `StockDeposito` (`idDeposito`, `idMedicamento`) VALUES (7143, 6781);
INSERT INTO `StockDeposito` (`idDeposito`, `idMedicamento`) VALUES (8179, 7702);
INSERT INTO `StockDeposito` (`idDeposito`, `idMedicamento`) VALUES (8401, 8286);
INSERT INTO `StockDeposito` (`idDeposito`, `idMedicamento`) VALUES (9162, 8817);
INSERT INTO `StockDeposito` (`idDeposito`, `idMedicamento`) VALUES (9402, 8956);
INSERT INTO `StockDeposito` (`idDeposito`, `idMedicamento`) VALUES (10082, 9529);
INSERT INTO `StockDeposito` (`idDeposito`, `idMedicamento`) VALUES (37034, 12871);
INSERT INTO `StockDeposito` (`idDeposito`, `idMedicamento`) VALUES (40023, 13882);
INSERT INTO `StockDeposito` (`idDeposito`, `idMedicamento`) VALUES (42193, 34545);
INSERT INTO `StockDeposito` (`idDeposito`, `idMedicamento`) VALUES (46061, 47021);
INSERT INTO `StockDeposito` (`idDeposito`, `idMedicamento`) VALUES (66467, 47774);
INSERT INTO `StockDeposito` (`idDeposito`, `idMedicamento`) VALUES (71783, 50215);
INSERT INTO `StockDeposito` (`idDeposito`, `idMedicamento`) VALUES (79832, 51219);
INSERT INTO `StockDeposito` (`idDeposito`, `idMedicamento`) VALUES (84779, 58204);
INSERT INTO `StockDeposito` (`idDeposito`, `idMedicamento`) VALUES (85639, 68249);
INSERT INTO `StockDeposito` (`idDeposito`, `idMedicamento`) VALUES (95260, 73621);
INSERT INTO `StockDeposito` (`idDeposito`, `idMedicamento`) VALUES (97551, 82394);
INSERT INTO `StockDeposito` (`idDeposito`, `idMedicamento`) VALUES (97573, 96703);
INSERT INTO `StockDeposito` (`idDeposito`, `idMedicamento`) VALUES (225764, 98859);
INSERT INTO `StockDeposito` (`idDeposito`, `idMedicamento`) VALUES (233977, 111077);
INSERT INTO `StockDeposito` (`idDeposito`, `idMedicamento`) VALUES (399918, 176967);
INSERT INTO `StockDeposito` (`idDeposito`, `idMedicamento`) VALUES (563497, 206168);
INSERT INTO `StockDeposito` (`idDeposito`, `idMedicamento`) VALUES (594250, 243184);
INSERT INTO `StockDeposito` (`idDeposito`, `idMedicamento`) VALUES (640090, 484239);
INSERT INTO `StockDeposito` (`idDeposito`, `idMedicamento`) VALUES (771138, 491891);
INSERT INTO `StockDeposito` (`idDeposito`, `idMedicamento`) VALUES (804051, 654145);
INSERT INTO `StockDeposito` (`idDeposito`, `idMedicamento`) VALUES (982460, 655114);
INSERT INTO `StockDeposito` (`idDeposito`, `idMedicamento`) VALUES (2036985, 803752);
INSERT INTO `StockDeposito` (`idDeposito`, `idMedicamento`) VALUES (2173801, 1198319);
INSERT INTO `StockDeposito` (`idDeposito`, `idMedicamento`) VALUES (2543720, 1776552);
INSERT INTO `StockDeposito` (`idDeposito`, `idMedicamento`) VALUES (3504783, 1871364);
INSERT INTO `StockDeposito` (`idDeposito`, `idMedicamento`) VALUES (4126220, 1983848);
INSERT INTO `StockDeposito` (`idDeposito`, `idMedicamento`) VALUES (4527572, 2504993);
INSERT INTO `StockDeposito` (`idDeposito`, `idMedicamento`) VALUES (5286504, 2688718);
INSERT INTO `StockDeposito` (`idDeposito`, `idMedicamento`) VALUES (6919388, 4038554);
INSERT INTO `StockDeposito` (`idDeposito`, `idMedicamento`) VALUES (7656775, 4116624);
INSERT INTO `StockDeposito` (`idDeposito`, `idMedicamento`) VALUES (8063692, 4568973);
INSERT INTO `StockDeposito` (`idDeposito`, `idMedicamento`) VALUES (8509689, 5469023);
INSERT INTO `StockDeposito` (`idDeposito`, `idMedicamento`) VALUES (8883024, 6278315);
INSERT INTO `StockDeposito` (`idDeposito`, `idMedicamento`) VALUES (9765444, 6279342);
INSERT INTO `StockDeposito` (`idDeposito`, `idMedicamento`) VALUES (12952407, 8303428);
INSERT INTO `StockDeposito` (`idDeposito`, `idMedicamento`) VALUES (24584476, 8372141);
INSERT INTO `StockDeposito` (`idDeposito`, `idMedicamento`) VALUES (33459837, 8956745);
INSERT INTO `StockDeposito` (`idDeposito`, `idMedicamento`) VALUES (38365700, 10476556);
INSERT INTO `StockDeposito` (`idDeposito`, `idMedicamento`) VALUES (56530386, 47144000);
INSERT INTO `StockDeposito` (`idDeposito`, `idMedicamento`) VALUES (64717829, 54280089);
INSERT INTO `StockDeposito` (`idDeposito`, `idMedicamento`) VALUES (79223256, 54455609);
INSERT INTO `StockDeposito` (`idDeposito`, `idMedicamento`) VALUES (80546129, 62072025);
INSERT INTO `StockDeposito` (`idDeposito`, `idMedicamento`) VALUES (82747415, 64486812);
INSERT INTO `StockDeposito` (`idDeposito`, `idMedicamento`) VALUES (90939019, 65703152);
INSERT INTO `StockDeposito` (`idDeposito`, `idMedicamento`) VALUES (99656652, 86112116);
INSERT INTO `StockDeposito` (`idDeposito`, `idMedicamento`) VALUES (193368558, 94956112);
INSERT INTO `StockDeposito` (`idDeposito`, `idMedicamento`) VALUES (253534243, 96084465);
INSERT INTO `StockDeposito` (`idDeposito`, `idMedicamento`) VALUES (271949790, 138315958);
INSERT INTO `StockDeposito` (`idDeposito`, `idMedicamento`) VALUES (356762396, 262428604);
INSERT INTO `StockDeposito` (`idDeposito`, `idMedicamento`) VALUES (391787990, 270183566);
INSERT INTO `StockDeposito` (`idDeposito`, `idMedicamento`) VALUES (424798180, 274279961);
INSERT INTO `StockDeposito` (`idDeposito`, `idMedicamento`) VALUES (539755479, 531706477);
INSERT INTO `StockDeposito` (`idDeposito`, `idMedicamento`) VALUES (561607438, 685798961);
INSERT INTO `StockDeposito` (`idDeposito`, `idMedicamento`) VALUES (596260933, 728778303);
INSERT INTO `StockDeposito` (`idDeposito`, `idMedicamento`) VALUES (871415336, 903247517);
INSERT INTO `StockDeposito` (`idDeposito`, `idMedicamento`) VALUES (891051439, 905145516);
INSERT INTO `StockDeposito` (`idDeposito`, `idMedicamento`) VALUES (967429948, 991503741);
INSERT INTO `StockDeposito` (`idDeposito`, `idMedicamento`) VALUES (967994185, 993909564);


#
# TABLE STRUCTURE FOR: StockFarmacia
#


INSERT INTO `StockFarmacia` (`idFarmacia`, `idMedicamento`) VALUES (0, 0);
INSERT INTO `StockFarmacia` (`idFarmacia`, `idMedicamento`) VALUES (1, 1);
INSERT INTO `StockFarmacia` (`idFarmacia`, `idMedicamento`) VALUES (2, 3);
INSERT INTO `StockFarmacia` (`idFarmacia`, `idMedicamento`) VALUES (3, 4);
INSERT INTO `StockFarmacia` (`idFarmacia`, `idMedicamento`) VALUES (4, 5);
INSERT INTO `StockFarmacia` (`idFarmacia`, `idMedicamento`) VALUES (6, 6);
INSERT INTO `StockFarmacia` (`idFarmacia`, `idMedicamento`) VALUES (7, 9);
INSERT INTO `StockFarmacia` (`idFarmacia`, `idMedicamento`) VALUES (8, 11);
INSERT INTO `StockFarmacia` (`idFarmacia`, `idMedicamento`) VALUES (9, 12);
INSERT INTO `StockFarmacia` (`idFarmacia`, `idMedicamento`) VALUES (11, 18);
INSERT INTO `StockFarmacia` (`idFarmacia`, `idMedicamento`) VALUES (25, 41);
INSERT INTO `StockFarmacia` (`idFarmacia`, `idMedicamento`) VALUES (26, 64);
INSERT INTO `StockFarmacia` (`idFarmacia`, `idMedicamento`) VALUES (33, 69);
INSERT INTO `StockFarmacia` (`idFarmacia`, `idMedicamento`) VALUES (50, 70);
INSERT INTO `StockFarmacia` (`idFarmacia`, `idMedicamento`) VALUES (54, 74);
INSERT INTO `StockFarmacia` (`idFarmacia`, `idMedicamento`) VALUES (57, 77);
INSERT INTO `StockFarmacia` (`idFarmacia`, `idMedicamento`) VALUES (67, 86);
INSERT INTO `StockFarmacia` (`idFarmacia`, `idMedicamento`) VALUES (82, 92);
INSERT INTO `StockFarmacia` (`idFarmacia`, `idMedicamento`) VALUES (95, 125);
INSERT INTO `StockFarmacia` (`idFarmacia`, `idMedicamento`) VALUES (99, 442);
INSERT INTO `StockFarmacia` (`idFarmacia`, `idMedicamento`) VALUES (110, 475);
INSERT INTO `StockFarmacia` (`idFarmacia`, `idMedicamento`) VALUES (118, 532);
INSERT INTO `StockFarmacia` (`idFarmacia`, `idMedicamento`) VALUES (142, 549);
INSERT INTO `StockFarmacia` (`idFarmacia`, `idMedicamento`) VALUES (172, 730);
INSERT INTO `StockFarmacia` (`idFarmacia`, `idMedicamento`) VALUES (242, 754);
INSERT INTO `StockFarmacia` (`idFarmacia`, `idMedicamento`) VALUES (263, 890);
INSERT INTO `StockFarmacia` (`idFarmacia`, `idMedicamento`) VALUES (390, 985);
INSERT INTO `StockFarmacia` (`idFarmacia`, `idMedicamento`) VALUES (397, 1499);
INSERT INTO `StockFarmacia` (`idFarmacia`, `idMedicamento`) VALUES (407, 1630);
INSERT INTO `StockFarmacia` (`idFarmacia`, `idMedicamento`) VALUES (507, 3102);
INSERT INTO `StockFarmacia` (`idFarmacia`, `idMedicamento`) VALUES (522, 3487);
INSERT INTO `StockFarmacia` (`idFarmacia`, `idMedicamento`) VALUES (554, 4030);
INSERT INTO `StockFarmacia` (`idFarmacia`, `idMedicamento`) VALUES (570, 4406);
INSERT INTO `StockFarmacia` (`idFarmacia`, `idMedicamento`) VALUES (632, 4640);
INSERT INTO `StockFarmacia` (`idFarmacia`, `idMedicamento`) VALUES (669, 5473);
INSERT INTO `StockFarmacia` (`idFarmacia`, `idMedicamento`) VALUES (783, 5646);
INSERT INTO `StockFarmacia` (`idFarmacia`, `idMedicamento`) VALUES (837, 6781);
INSERT INTO `StockFarmacia` (`idFarmacia`, `idMedicamento`) VALUES (844, 7702);
INSERT INTO `StockFarmacia` (`idFarmacia`, `idMedicamento`) VALUES (910, 8286);
INSERT INTO `StockFarmacia` (`idFarmacia`, `idMedicamento`) VALUES (943, 8817);
INSERT INTO `StockFarmacia` (`idFarmacia`, `idMedicamento`) VALUES (1568, 8956);
INSERT INTO `StockFarmacia` (`idFarmacia`, `idMedicamento`) VALUES (1589, 9529);
INSERT INTO `StockFarmacia` (`idFarmacia`, `idMedicamento`) VALUES (2832, 12871);
INSERT INTO `StockFarmacia` (`idFarmacia`, `idMedicamento`) VALUES (5562, 13882);
INSERT INTO `StockFarmacia` (`idFarmacia`, `idMedicamento`) VALUES (5885, 34545);
INSERT INTO `StockFarmacia` (`idFarmacia`, `idMedicamento`) VALUES (5916, 47021);
INSERT INTO `StockFarmacia` (`idFarmacia`, `idMedicamento`) VALUES (6664, 47774);
INSERT INTO `StockFarmacia` (`idFarmacia`, `idMedicamento`) VALUES (6946, 50215);
INSERT INTO `StockFarmacia` (`idFarmacia`, `idMedicamento`) VALUES (7578, 51219);
INSERT INTO `StockFarmacia` (`idFarmacia`, `idMedicamento`) VALUES (7983, 58204);
INSERT INTO `StockFarmacia` (`idFarmacia`, `idMedicamento`) VALUES (8910, 68249);
INSERT INTO `StockFarmacia` (`idFarmacia`, `idMedicamento`) VALUES (9789, 73621);
INSERT INTO `StockFarmacia` (`idFarmacia`, `idMedicamento`) VALUES (26683, 82394);
INSERT INTO `StockFarmacia` (`idFarmacia`, `idMedicamento`) VALUES (41848, 96703);
INSERT INTO `StockFarmacia` (`idFarmacia`, `idMedicamento`) VALUES (49923, 98859);
INSERT INTO `StockFarmacia` (`idFarmacia`, `idMedicamento`) VALUES (65466, 111077);
INSERT INTO `StockFarmacia` (`idFarmacia`, `idMedicamento`) VALUES (77057, 176967);
INSERT INTO `StockFarmacia` (`idFarmacia`, `idMedicamento`) VALUES (82881, 206168);
INSERT INTO `StockFarmacia` (`idFarmacia`, `idMedicamento`) VALUES (224301, 243184);
INSERT INTO `StockFarmacia` (`idFarmacia`, `idMedicamento`) VALUES (475089, 484239);
INSERT INTO `StockFarmacia` (`idFarmacia`, `idMedicamento`) VALUES (501972, 491891);
INSERT INTO `StockFarmacia` (`idFarmacia`, `idMedicamento`) VALUES (528849, 654145);
INSERT INTO `StockFarmacia` (`idFarmacia`, `idMedicamento`) VALUES (579270, 655114);
INSERT INTO `StockFarmacia` (`idFarmacia`, `idMedicamento`) VALUES (628076, 803752);
INSERT INTO `StockFarmacia` (`idFarmacia`, `idMedicamento`) VALUES (637036, 1198319);
INSERT INTO `StockFarmacia` (`idFarmacia`, `idMedicamento`) VALUES (659020, 1776552);
INSERT INTO `StockFarmacia` (`idFarmacia`, `idMedicamento`) VALUES (704928, 1871364);
INSERT INTO `StockFarmacia` (`idFarmacia`, `idMedicamento`) VALUES (791379, 1983848);
INSERT INTO `StockFarmacia` (`idFarmacia`, `idMedicamento`) VALUES (797948, 2504993);
INSERT INTO `StockFarmacia` (`idFarmacia`, `idMedicamento`) VALUES (1546539, 2688718);
INSERT INTO `StockFarmacia` (`idFarmacia`, `idMedicamento`) VALUES (2489699, 4038554);
INSERT INTO `StockFarmacia` (`idFarmacia`, `idMedicamento`) VALUES (4090344, 4116624);
INSERT INTO `StockFarmacia` (`idFarmacia`, `idMedicamento`) VALUES (4446020, 4568973);
INSERT INTO `StockFarmacia` (`idFarmacia`, `idMedicamento`) VALUES (5445233, 5469023);
INSERT INTO `StockFarmacia` (`idFarmacia`, `idMedicamento`) VALUES (5775863, 6278315);
INSERT INTO `StockFarmacia` (`idFarmacia`, `idMedicamento`) VALUES (6253948, 6279342);
INSERT INTO `StockFarmacia` (`idFarmacia`, `idMedicamento`) VALUES (6935778, 8303428);
INSERT INTO `StockFarmacia` (`idFarmacia`, `idMedicamento`) VALUES (8412269, 8372141);
INSERT INTO `StockFarmacia` (`idFarmacia`, `idMedicamento`) VALUES (13841016, 8956745);
INSERT INTO `StockFarmacia` (`idFarmacia`, `idMedicamento`) VALUES (31911323, 10476556);
INSERT INTO `StockFarmacia` (`idFarmacia`, `idMedicamento`) VALUES (34079716, 47144000);
INSERT INTO `StockFarmacia` (`idFarmacia`, `idMedicamento`) VALUES (41892307, 54280089);
INSERT INTO `StockFarmacia` (`idFarmacia`, `idMedicamento`) VALUES (44317712, 54455609);
INSERT INTO `StockFarmacia` (`idFarmacia`, `idMedicamento`) VALUES (45181724, 62072025);
INSERT INTO `StockFarmacia` (`idFarmacia`, `idMedicamento`) VALUES (63504038, 64486812);
INSERT INTO `StockFarmacia` (`idFarmacia`, `idMedicamento`) VALUES (68782418, 65703152);
INSERT INTO `StockFarmacia` (`idFarmacia`, `idMedicamento`) VALUES (71849761, 86112116);
INSERT INTO `StockFarmacia` (`idFarmacia`, `idMedicamento`) VALUES (89277827, 94956112);
INSERT INTO `StockFarmacia` (`idFarmacia`, `idMedicamento`) VALUES (91319237, 96084465);
INSERT INTO `StockFarmacia` (`idFarmacia`, `idMedicamento`) VALUES (91956252, 138315958);
INSERT INTO `StockFarmacia` (`idFarmacia`, `idMedicamento`) VALUES (113183626, 262428604);
INSERT INTO `StockFarmacia` (`idFarmacia`, `idMedicamento`) VALUES (334122329, 270183566);
INSERT INTO `StockFarmacia` (`idFarmacia`, `idMedicamento`) VALUES (544803123, 274279961);
INSERT INTO `StockFarmacia` (`idFarmacia`, `idMedicamento`) VALUES (564715615, 531706477);
INSERT INTO `StockFarmacia` (`idFarmacia`, `idMedicamento`) VALUES (626360692, 685798961);
INSERT INTO `StockFarmacia` (`idFarmacia`, `idMedicamento`) VALUES (738940438, 728778303);
INSERT INTO `StockFarmacia` (`idFarmacia`, `idMedicamento`) VALUES (893638799, 903247517);
INSERT INTO `StockFarmacia` (`idFarmacia`, `idMedicamento`) VALUES (894790412, 905145516);
INSERT INTO `StockFarmacia` (`idFarmacia`, `idMedicamento`) VALUES (928038233, 991503741);
INSERT INTO `StockFarmacia` (`idFarmacia`, `idMedicamento`) VALUES (928883243, 993909564);






